x,y
تملأ فوانيس كبيرة وملونة الشوارع بوسط القاهرة يبحث المتسوقون المصريون حولهم لشراء فوانيس تقليدية مزخرفة مرتبطة بشهر رمضان المبارك اعتاد المصريون تزيين بيوتهم بالفوانيس خلال الشهر الفضيل الأزمة الاقتصادية وانعكاسها الواردات تضغط البائعين والمشترين الموسم ويوضح العديد المتسوقين أسعار الفوانيس التقليدية أعلى السنوات السابقة ومع يقولون إنهم سيشترونها ليعيشوا أجواء شهر الصوم المتسوق إيهاب لطفي اعتبر الأسعار ارتفعت بشكل ملحوظ السابق فسابقا كانت الحياة بسيطة مقارنة بالوقت الحالي وأضاف لطفي غلا ارتفع رمضان طول مرتبط بالفانوس عمل لازم نشتري فانوس رمضان وقال المتسوق محمد حسن للأطفال فقط وإنما للجميع بالنسبة الفانوس سواء ارتباطه تاريخيا بالحي النور اللي بيهل بيه الشهر فبالنسبة شيء بنور حياتنا رمضان شهر فعلا بينور حياتنا حياة صعبة وفيها أزمات وعندما يأتي يزيح الأزمات ويجعل الحياة أحلى وأضاف حسن شخص متجوز متزوج وليس عندي أطفال بد الفانوس مستدركا بالقول الأسعار مرتفعة جدا السابق معتبرا الفوانيس المصنوعة مصريا ترتفع أسعارها تشغيل الفيديومدة الفيديو وأقر البائع أشرف أحمد بارتفاع أسعار الفوانيس العام مشيرا كبياعين نحاول نخفض الأسعار لتناسب الزبائن ويكون الربح بسيط نريد بيت مصري رمضان فانوس يفرح الجميع منهيا كلامه أريد أبيع كتير وأكسب قليل وسجل التضخم أسعار المستهلكين مصر خلال فبرايرشباط الماضي أكبر صعود شهري الإطلاق قفز أساس شهري ينايركانون الثاني يفوق بكثير توقعات الاقتصاديين وتأتي الزيادة التضخم الارتفاع المتوقع ينتج انخفاض قيمة العملة الأسبوع الماضي سمح البنك المركزي المصري الأربعاء الماضي للجنيه المصري بالانخفاض جنيها مقابل الدولار جنيها وقال محافظ البنك المركزي المصري حسن عبد الله القاهرة تستهدف خفض معدل التضخم رقم أحادي المدى المتوسط وذلك حرر البنك سعر صرف الجنيه ورفع أسعار الفائدة نقطة أساس خلال اجتماع استثنائي الأربعاء الماضي وقال رئيس الوزراء المصري الأربعاء صندوق النقد الدولي سيرفع برنامجه الحالي لإقراض مصر مليارات مليارات وذلك الوقت سمح البنك المركزي للجنيه بالهبوط وقال سيسمح بحرية تداول العملة والاتفاق الجديد توسيع لتسهيلات الصندوق البالغ مليارات لمدة شهرا أبرمه صندوق النقد الدولي مصر ديسمبركانون الأول بنوده الرئيسية التحول نظام مرونة لسعر الصرف,0
رتفاع الأسعار وارتفع مؤشر أسعار المستهلك مقياس رئيسي للتضخم بنسبة فبرايرشباط زيادة بنسبة ينايركانون الثاني الماضي ولعبت تكاليف الوقود والمعيشة الإيجارات دورا الارتفاع شكلت الزيادة الشهرية المسجلة وعلى أساس سنوي ارتفع مؤشر أسعار المستهلك بنسبة فبرايرشباط أعلى قليلا الزيادة البالغة ينايركانون الثاني ورغم الابتعاد مستوى الذروة التضخم أميركا البالغة والتي سجلت يونيوحزيران وتيرة التضخم استمرت الأشهر الأخيرة بالصعود وتجاوز التضخم الأساسي يستثني أسعار المواد الغذائية والطاقة المتقلبة التوقعات مسجلا زيادة بنسبة ينايركانون الثاني العام الماضي ويعتبر الاقتصاديون الإجراء حاسما لأنه يعكس اتجاهات التضخم الأساسية بشكل دقة ولوحظت زيادات ملحوظة أسعار السيارات المستعملة والسفر الجوي والملابس يشير ضغوط أوسع الإنفاق الاستهلاكي,0
تملأ فوانيس كبيرة وملونة الشوارع بوسط القاهرة يبحث المتسوقون المصريون حولهم لشراء فوانيس تقليدية مزخرفة مرتبطة بشهر رمضان المبارك اعتاد المصريون تزيين بيوتهم بالفوانيس خلال الشهر الفضيل الأزمة الاقتصادية وانعكاسها الواردات تضغط البائعين والمشترين الموسم ويوضح العديد المتسوقين أسعار الفوانيس التقليدية أعلى السنوات السابقة ومع يقولون إنهم سيشترونها ليعيشوا أجواء شهر الصوم المتسوق إيهاب لطفي اعتبر الأسعار ارتفعت بشكل ملحوظ السابق فسابقا كانت الحياة بسيطة مقارنة بالوقت الحالي وأضاف لطفي غلا ارتفع رمضان طول مرتبط بالفانوس عمل لازم نشتري فانوس رمضان وقال المتسوق محمد حسن للأطفال فقط وإنما للجميع بالنسبة الفانوس سواء ارتباطه تاريخيا بالحي النور اللي بيهل بيه الشهر فبالنسبة شيء بنور حياتنا رمضان شهر فعلا بينور حياتنا حياة صعبة وفيها أزمات وعندما يأتي يزيح الأزمات ويجعل الحياة أحلى وأضاف حسن شخص متجوز متزوج وليس عندي أطفال بد الفانوس مستدركا بالقول الأسعار مرتفعة جدا السابق معتبرا الفوانيس المصنوعة مصريا ترتفع أسعارها تشغيل الفيديومدة الفيديو وأقر البائع أشرف أحمد بارتفاع أسعار الفوانيس العام مشيرا كبياعين نحاول نخفض الأسعار لتناسب الزبائن ويكون الربح بسيط نريد بيت مصري رمضان فانوس يفرح الجميع منهيا كلامه أريد أبيع كتير وأكسب قليل وسجل التضخم أسعار المستهلكين مصر خلال فبرايرشباط الماضي أكبر صعود شهري الإطلاق قفز أساس شهري ينايركانون الثاني يفوق بكثير توقعات الاقتصاديين وتأتي الزيادة التضخم الارتفاع المتوقع ينتج انخفاض قيمة العملة الأسبوع الماضي سمح البنك المركزي المصري الأربعاء الماضي للجنيه المصري بالانخفاض جنيها مقابل الدولار جنيها وقال محافظ البنك المركزي المصري حسن عبد الله القاهرة تستهدف خفض معدل التضخم رقم أحادي المدى المتوسط وذلك حرر البنك سعر صرف الجنيه ورفع أسعار الفائدة نقطة أساس خلال اجتماع استثنائي الأربعاء الماضي وقال رئيس الوزراء المصري الأربعاء صندوق النقد الدولي سيرفع برنامجه الحالي لإقراض مصر مليارات مليارات وذلك الوقت سمح البنك المركزي للجنيه بالهبوط وقال سيسمح بحرية تداول العملة والاتفاق الجديد توسيع لتسهيلات الصندوق البالغ مليارات لمدة شهرا أبرمه صندوق النقد الدولي مصر ديسمبركانون الأول بنوده الرئيسية التحول نظام مرونة لسعر الصرف,0
الوضع دفع آلاف الحرفيين إغلاق ورشهم ومحالهم والتحول لأعمال أخرى الهجرة ونقل أعمالهم خارج البلاد وسط تهديد فعلي باندثار العديد المهن التراثية والحرف اليدوية التقليدية تشكل قطاعات حيوية القطاعات الاقتصادية البلاد وجزءا يتجزأ هويته الحضارية فما أبرز أسباب التراجع وكيف ينعكس الحياة الاقتصادية البلاد غياب الدعم والمنافسة المتكافئة يقول أنطون عاما حرفي دمشقي ومالك سابق لورشة صناعة موزاييك ريف دمشق كفاحه لسنوات للإبقاء ورشته مشرعة الأبواب تنتج وتبيع يكفي لدفع أجور العاملين يكن مجديا ويضيف حديث للجزيرة نت حاولت جاهدا الحفاظ الورشة والعاملين لأطول فترة ممكنة الغلاء المستمر أسعار الخشب المحلي والمستورد بصورة موائمة والانقطاع الطويل للتيار الكهربائي ساعة يوميا وانخفاض الطلب الموزاييك السوق المحلية والخارجية كلها عوامل أجبرتني تسريح العاملين ولاحقا إغلاق الورشة انقضاء أشهر أستلم خلالها طلبيتين وبالإضافة العوامل يرجع أنطون سبب انخفاض الطلب الموزاييك الأصلي وغيرها المشغولات اليدوية والمصنوعات التراثية نحاسيات دمشقيات أنتيكا منسوجات واقع السوق الوقت الراهن ظل غياب السياح تراجع الطلب الخارجي السلعة نتيجة انقطاع العلاقات التجارية الأسواق الخارجية هجرة الوسطاء والتجار وبالتالي انخفاض التصدير منافسة متكافئة,0
والأسبوع الماضي قرر المركزي المصري خلال اجتماع استثنائي رفع عوائد الإيداع والإقراض لليلة واحدة وسعر العملية الرئيسية للبنك بواقع نقطة أساس ليصل الترتيب وقال المركزي بيان لجنة السياسات النقدية قررت الإسراع عملية التقييد النقدي تعجيل وصول التضخم مساره النزولي وضمان انخفاض معدلاته الشهري وارتفع التضخم السنوي مستويات الأسعار مصر خلال فبرايرشباط الماضي ينايركانون الثاني السابق وقال محافظ المركزي حسن عبد الله وقت سابق الدولة تستهدف خفض معدل التضخم رقم أحادي المدى المتوسط وذلك حرر البنك سعر صرف الجنيه العملة المحلية ورفع أسعار الفائدة الأربعاء الماضي وقبل أيام سمح المركزي للجنيه بالانخفاض وتعهده بالتحول نظام صرف مرونة تزامنا توقيع القاهرة برنامج قرض صندوق النقد الدولي بقيمة مليارات ووقع الاتفاق خفض قيمة الجنيه الدولار ارتفع سعره جنيها جنيها,0
عمان أعمل محال بيع الحلويات بأجرة شهرية دينارا دولارا وهذا المبلغ يكفي لمنتصف الشهر أفضل الأحوال فهناك التزامات عائلية ضرورية تتوقف ويزداد الأمر صعوبة خلال شهر رمضان يعني أعباء مالية إضافية يأتي الارتفاع المتسارع لأسعار السلع الغذائية أعرب الشاب براء مطر قلقه الظروف المعيشية والاقتصادية الصعبة يعيشها يختلف حال مطر يعيل أسرة أفراد حال آلاف الأسر الأردن فهذه مي الخلايلة موظفة شركة سياحة وسفر تتقاضى راتبا شهريا قيمته دينارا دولارا الرغم خبرتها تزيد سنوات وتضيف حديثها للجزيرة نت راتبها الثابت الوحيد المعادلة الاقتصادية الأردن فالأسعار ازدياد متسارع والأحوال المعيشية عام تكون أصعب قبله أمل بفرج قريب يبدو حد قولها وتقول لبنى سعادة ربة منزل راتب زوجها يكفي شهر رمضان للأيام العشر الأولى شهر الصوم عام يضطر الزوج للاستدانة يلبي حاجيات البيت الأساسية اللحوم والخضار ضرورة إقامة ولائم رمضان لبعض الأقارب والتي تزيد الأعباء كاهلنا وتضيف للجزيرة نت الأوضاع المعيشية المتأزمة جعلت قدرتهم الشرائية تتناسب الأسعار الحالية,0
كشف ألكسندر نوفاك نائب رئيس الوزراء الروسي مقابلة مجلة إكسبيرت الاتحاد الأوروبي زاد مشترياته الغاز الطبيعي المسال الروسي مليون طن خلال السنة الماضية بارتفاع مقارنة بوارداته بالمقابل أوضح نوفاك الاتحاد الأوروبي خفض واردات الغاز الطبيعي عبر خطوط الأنابيب روسيا بـ مرات لتتراجع حصة روسيا واردات الاتحاد المادة عام عام وقال وسط الانخفاض الحاد واردات الغاز الروسي عبر خطوط الأنابيب عزز الاتحاد الأوروبي مشترياته الغاز الطبيعي المسال الروسي الفترة ذاتها مليون طن وأضاف نوفاك خفض الاستهلاك وتراجع التصنيع عاملان بارزان تخلي أوروبا الغاز الروسي وأشار المسؤول الروسي دول الاتحاد الأوروبي خفضت تدريجيا وارداتها موارد الطاقة الأخرى روسيا تراجعت حصة بلاده واردات الاتحاد الأوروبي النفط المنتجات البترولية وانخفض استهلاك الغاز الاتحاد الأوروبي بنسبة العام الماضي مقارنة بالعام السابق ليصل مليار متر مكعب بلغ إجمالي الانخفاض مقارنة بعام وفقا للمصدر ذاته,0
السعودية فقد أمرت الحكومة ينايركانون الثاني الماضي شركة أرامكو بوقف خطتها للتوسع النفطي واستهداف طاقة إنتاجية مستدامة قصوى تبلغ مليون برميل يوميا بمليون برميل يوميا الهدف المعلن عام وانخفض خام برنت القياسي العالمي اليوم الاثنين متراجعا دولارا للبرميل إضافة المخاوف الجيوسياسية المستمرة الشرق الأوسط وروسيا للمخاوف الأخرى المتعلقة بتراجع الطلب الصين والآونة الأخيرة اتفق أعضاء تحالف أوبك بلس بقيادة السعودية وروسيا تمديد خفض إنتاج النفط طوعيا مليون برميل يوميا الربع الثاني يوفر دعما إضافيا للسوق وسط مخاوف بشأن النمو العالمي وزيادة الإنتاج خارج المجموعة,0
نفت وزارة الزراعة المغربية اليوم الاثنين شائعات تلوث الفراولة المصدرة أوروبا واتهمت جهات باستهداف سمعة المنتج المغربي جاء بيان للوزارة تداول وسائل التواصل الاجتماعي ادعاءات بوجود فيروس التهاب الكبد بالفراولة المغربية ونفت الوزارة يتم تداوله الوسائل واعتبرت إشاعات أساس الصحة ويوم الجمعة الماضي نفى المكتب المغربي للسلامة الغذائية حكومي تلوث الفراولة المصدرة أوروبا وذلك عقب تحذير الاتحاد الأوروبي إصابتها بالتهاب الكبد الوبائي وتأتي التطورات عقب اعتراض مزارعين إسبان شاحنات مغربية محملة بخضار تتجه أوروبا واردة للسوق المحلية وسط تصاعد احتجاجات مزارعين عدة دول أوروبية للمطالبة يصفونها حقوقا معيشية ومالية وأفادت الوزارة بيان اليوم الاثنين بأنه رغم النفي والتوضيحات السابقة بخصوص المنتجات الغذائية نتائج التحاليل الدقيقة ونظرا لاستمرار تداول معلومات خاطئة أساس الصحة صادرة جهات تحددها تستهدف تشويه سمعة المنتوج الفلاحي المغربي فإننا ننفي نفيا قاطعا صحة الأخبار,0
ال الجهاز المركزي للإحصاء الفلسطيني الاقتصاد الفلسطيني تكبد خسائر الإنتاج تقدر قيمتها بـ مليار خلال الشهور الأربعة الأولى لعدوان الاحتلال الإسرائيلي وأوضح الإحصاء بيان توقفا تام عجلة الإنتاج لمنشآت القطاع الخاص قطاع غزة وتراجعا مسبوق الضفة الغربية وأشارت التقديرات الأولية إنتاج القطاعات الاقتصادية الضفة الغربية خلال الشهور الأربعة الأولى عدوان الاحتلال الإسرائيلي فقد مقارنة المعدل الطبيعي للإنتاج خلال الشهور الأربعة بخسارة تقدر بحوالي مليار المقابل خسر قطاع غزة إنتاجه الطبيعي خلال الفترة نفسها يعادل ملايين سينعكس سلبا الإيرادات العامة فلسطين ويبلغ عدد منشآت القطاع الخاص فلسطين منشأة عام موزعة بواقع منشأة قطاع غزة منشأة الضفة الغربية ويشكل قطاع التجارة الداخلية النسبة الكبرى قطاع غزة وتبلغ نسبته إجمالي المنشآت يليه قطاع الخدمات بنسبة بلغت نسبة قطاع الصناعة باقي الأنشطة الاقتصادية الإنشاءات النقل والتخزين المعلومات الاتصالات المالية والتأمين فتشكل إجمالي عدد المنشآت ولفت جهاز الإحصاء بيان نقلته وكالة الأنباء الفلسطينية وفا اليوم الاثنين غالبية العمالة قطاع غزة تعطلت باستثناء العاملين قطاعات الصحة والإغاثة الإنسانية وبلغ عدد العاملين القطاع الخاص العام الماضي عامل عامل الضفة الغربية عامل قطاع غزة,0
تستعد شركة تراك نت وهي شركة شحن رقمية إسرائيلية لتشغيل خط ناقلات وقود الموانئ الإسرائيلية دول عربية حسبما ذكرت صحيفة جيروزاليم بوست الإسرائيلية وتعمل تراك نت أوروبا والخليج العربي وإسرائيل وتتصل بالأنظمة التشغيلية لأصحاب الشاحنات وتقدم خيارات النقل لأصحاب البضائع يبحثون وسائل النقل المتاحة وفق موقع الشركة وبموجب اتفاق وقعته تراك نت شركة خليجية تسمها الصحيفة ستجري قريبا تجربة لاختبار إجراءات تنفيذ عمليات النقل سيتم النظر استخدام الناقلات الأردنية الإسرائيلية لعمليات النقل المستهدف الممكن وفق الصحيفة يكون مشروعا لوجستيا كبيرا ويصل الهدف المتمثل نقل طن الوقود والمنتجات شهريا حاوية وارتفعت كلفة النقل للكيلومتر الواحد بدء الاتفاق دولارين رفعت الدول العربية رسوم عبور الشاحنات أدى زيادة الحاجة استيراد الوقود الموانئ القريبة قدر الإمكان وجهتها النهائية وفق الصحيفة,0
خضم مؤشرات الاقتصاد الأميركي القوية صدرت مؤخرا ومع ارتفاع سوق الأسهم وصل الذهب الملاذ التقليدي الآمن أعلى مستوى الإطلاق دولارا للأونصة يلتقط أنفاسه قليلا مسجلا مكاسب بنسبة تفوق بداية العام وارتفاعا مثيرا للانتباه بنسبة تقارب الأشهر الـ الماضية فما القوى الدافعة وراء الارتفاع المتوقع للذهب بتعبير مجلة فوربس حمى الذهب المحيرة يقول تقرير مجلة فوربس يتناقض ارتفاع الذهب مستويات قياسية بشكل صارخ حالات سابقة عندما ارتفع المعدن الأصفر خلال الأزمة المالية أواخر العقد الأول القرن بداية جائحة كوفيد ويضيف التقرير أنه بينما المتوقع ينمو الاقتصاد الأميركي بنسبة العام متجاوزا الاقتصادات المتقدمة الأخرى ألمانيا واليابان والمملكة المتحدة يبدو الدافع الحقيقي وراء صعود الذهب التوقعات الأقل تفاؤلا للعديد الأسواق الأميركية وشهدت البورصات الأجنبية وخاصة هونغ كونغ والمملكة المتحدة أداء ضعيفا انخفض مؤشر هانغ سنغ هونغ كونغ بنسبة خلال العام الماضي انخفض مؤشر إف إس البريطاني بنسبة,0
وتنقل فوربس الرئيس التنفيذي لشركة ميتالز ديلي روس نورمان قوله ارتفاع الذهب يغذيه الطلب الهائل المستثمرين الصينيين يسعون للتحوط ضد عدم الاستقرار الاقتصادي المحتمل ضوء أزمة العقارات التجارية الصين ويشار الذهب التقط أنفاسه اليوم الاثنين سلسلة ارتفاعات قياسية واستقر المعدن الأصفر المعاملات الفورية دولارا للأوقية الأونصة التعاملات الصباحية سجلت العقود الأميركية الآجلة للذهب دولارا عوامل أخرى تعزز الذهب تسهم عدة عوامل ارتفاع الذهب سعي المستثمرين الحصول الحماية مخاطر التضخم الأعلى المتوقع قيام مستثمرين آخرين بتعديل محافظهم الاستثمارية أعقاب ارتفاع سوق الأسهم تنضاف المخاوف الجيوسياسية حرب إسرائيل غزة وكذلك روسيا وأوكرانيا جانب الانتخابات الرئاسية الوشيكة نوفمبرتشرين الثاني الماضي قائمة الشكوك تدفع المستثمرين التحول الذهب يراقب محللون بحسب فوربس كثب التخفيضات المحتملة أسعار الفائدة والتي تؤثر عوائد السندات الحكومية الأميركية يجعل أصول الملاذ الآمن الأخرى الذهب جاذبية زيادة مشتريات الذهب القياسية البنوك المركزية مستوى العالم احتمال تصاعد التوترات الولايات المتحدة والصين دونالد ترامب المرشح الرئاسي الجمهوري يتم الاستشهاد كأسباب لبقاء المنحنى صعوديا بشأن الذهب,0
الرياض ـ خطوة تهدف تعزيز الاقتصاد السعودي وتنويع مصادر دخله بعيدا الاعتماد الحصري النفط كمصدر أساسي أعلنت السعودية أيام نقل أسهم شركة أرامكو العملاقة صندوق الاستثمارات العامة أكبر صناديق الثروة السيادية العالم تأتي الخطوة إطار رؤية المملكة تهدف تحقيق الاقتصاد السعودي التنمية المستدامة وأرامكو شركة طاقة سعودية تتولى إدارة احتياطي نفطي مؤكد يبلغ مليار برميل وآخر الغاز الطبيعي يقدر بـ تريليون قدم مكعب وتعد كبرى الشركات المصدرة للنفط العالم والخميس الماضي أعلن ولي العهد السعودي الأمير محمد بن سلمان إتمام نقل إجمالي أسهم شركة أرامكو السعودية محافظ شركات مملوكة بالكامل لصندوق الاستثمارات العامة لتصبح بذلك نسبة الأسهم المملوكة للدولة عملية النقل إجمالي أسهم الشركة واعتبر ولي العهد السعودي نقل ملكية جزء أسهم الدولة شركة أرامكو يأتي إطار مواصلة مبادرات المملكة الهادفة لتعزيز الاقتصاد الوطني المدى الطويل وتنويع موارده وإتاحة المزيد الفرص الاستثمارية لافتا عملية النقل تساهم تعظيم أصول صندوق الاستثمارات العامة وزيادة عوائده الاستثمارية ولي العهد السعودي يؤكد صندوق الاستثمارات العامة ماض إطلاق قطاعات جديدة الصحافة السعودية استثمارات داخلية وخارجية وتسعى السعودية خلال عملية نقل الأسهم تحقيق جملة الأهداف أهمها تعزيز استقلالية صندوق الاستثمارات العامة زيادة رأس مال الصندوق السيادي للمملكة تنويع مصادر الدخل للحكومة السعودية دعم خطة رؤية المملكة ستؤثر عملية نقل الأسهم صندوق الاستثمارات العامة بشكل كبير خلال زيادة رأس المال سيصبح صندوق الاستثمارات العامة أكبر صناديق الثروة السيادية العالم سيرتفع رأس ماله تريليون زيادة الاستثمارات سيسمح رأس المال الإضافي لصندوق الاستثمارات العامة بزيادة استثماراته مختلف القطاعات داخل المملكة العربية السعودية وخارجها تعزيز الاستقلالية سيسمح نقل الأسهم لصندوق الاستثمارات العامة بتنفيذ إستراتيجياته الاستثمارية بشكل استقلالية الحاجة موافقة الحكومة صفقة ورغم أنه يتم الإعلان بشكل رسمي وجهة الموارد المالية الناتجة نقل الأسهم فإنه المتوقع تستخدم الموارد المالية الناتجة نقل الأسهم تمويل مشاريع خطة رؤية السعودية تشمل مشاريع البنية التحتية والصناعية والسياحية والتعليمية والصحية سيستثمر صندوق الاستثمارات العامة القطاعات الواعدة التكنولوجيا والطاقة المتجددة والرعاية الصحية بالإضافة سيتم استثمار جزء الموارد المالية الخارج لتنويع محفظة الاستثمارات,0
توقع وزير المالية المصري محمد معيط اليوم الأحد تحصل مصر مليارات تمويلا البنك الدولي وذلك إطار حزمة تمويل صندوق النقد الدولي للبلاد بقيمة متوقعة مليار وأوضح معيط أنه جانب قرض صندوق النقد الدولي تم الاتفاق أيام بـ مليارات ستحصل مصر مليارات البنك الدولي إضافة الدعم الاتحاد الأوروبي وغيره شركاء التنمية وقال معيط مؤتمر صحفي اليوم مصر تتوقع تحقيق فائض أولي يقل السنة المالية تبدأ الأول يوليوتموز وأضاف مصر تهدف إبقاء نسبة الدين الناتج المحلي الإجمالي والفائض الأولي يعني الإيرادات مطروحا المصروفات استبعاد مخصصات خدمة الدين ولفت الوزير المصري بلاده حققت فائضا أوليا ميزانية أشهر السنة المالية الحالية تنتهي يونيوحزيران المقبل بقيمة مليار مليارات مقارنة بنحو مليار مليون الفترة المقابلة السنة المالية الماضية وتبدأ السنة المالية مصر مطلع يوليوتموز عام نهاية يونيوحزيران العام التالي بحسب قانون الموازنة العامة الدولة وزاد الوزير بأن صفقة تطوير مدينة رأس الحكمة ستدعم جزءا تمويل الموازنة العامة للدولة عبر الشريحة بالجنيه المصري بالإضافة دعم الاحتياطي الأجنبي لمصر البنك المركزي وتابع اليوم نستهدف استثمارات بقيمة تريليون مليار خلال العام المالي المقبل وبشأن قرض صندوق النقد قال معيط القرض سنوات بقيمة مليارات سيتم صرف الشريحة الأولى قرض صندوق النقد عقب موافقة المجلس التنفيذي للصندوق خلال الفترة المقبلة جاءت تصريحات الوزير أيام خفض مصر قيمة عملتها جنيها للدولار جنيها ورفعها أسعار الفائدة الرئيسية لليلة واحدة بمقدار نقطة أساس جانب الإعلان اتفاق دعم مالي موسع بقيمة مليارات صندوق النقد الدولي وبذلك زادت الفائدة الإقراض لليلة واحدة وعلى الودائع لليلة واحدة وذلك إطار قراره الإسراع بعملية التقييد النقدي تعجيل وصول التضخم مساره النزولي,0
نكمش الاقتصاد السعودي خلال السنة الماضية مقارنة بعام تراجع الأنشطة النفطية نمت الأنشطة النفطية والأنشطة الحكومية وفق بيانات الهيئة العامة للإحصاء السعودية وبلغت قيمة الناتج المحلي بالأسعار الجارية تريليونات تريليون خلال العام الماضي نصيب أنشطة الزيت الخام والغاز الطبيعي نصيب الخدمات الحكومية وتجارة الجملة والتجزئة والمطاعم والفنادق والصناعات التحويلية تكرير الزيت ونشاط تكرير الزيت قطاعات الاقتصاد نمت أنشطة الخدمات الاجتماعية والجماعية والشخصية أساس سنوي بنسبة سجلت أنشطة النقل والتخزين والاتصالات نموا سنويا نمت أنشطة تجارة الجملة والتجزئة والمطاعم والفنادق بلغ نمو الأنشطة المالية والتأمين وخدمات الأعمال وانكمش الناتج المحلي السعودي الربع الأخير السنة الماضية مقارنة بالربع المقابل حققت الأنشطة النفطية نموا بنسبة والأنشطة الحكومية الأنشطة النفطية تراجعت أساس سنوي,0
عقب ثورة ينايركانون الثاني خرج الكثير أموال المستثمرين الأجانب كانت تعمل الدين الحكومي المحلي أذون وسندات بنحو مليارات وفي السنوات تكرر الأمر المستثمرين الأجانب وكان الأمر أهم أسباب شح النقد الأجنبي خلال الفترات وانتعاش السوق السوداء للنقد الأجنبي وكانت عمليات خروج الأموال ضررا لسوق الصرف مصر تم الحرب الروسية أوكرانيا وتحديدا أبريلنيسان خرجت أموال للمستثمرين الأجانب العاملين الدين الحكومي المصري يتراوح مليار يونيوحزيران قال وزير المالية المصري محمد معيط خلال لقائه بغرفة التجارة المصرية الأميركية الدرس تعلمناه أنه يمكن الاعتماد الأموال الساخنة لأنها تأتي العائد الكبير فقط مصر يجب تتعلم الدرس يجب تعتمد الأموال جاءت مجددا فليس لدينا مشكلة الأموال الساخنة والأموال الساخنة أبرز صور الاستثمارات المباشرة تأتي لتشتري أذونا وسندات تخص الديون الحكومية سعيا وراء سعر فائدة أعلى سوق غيره الأسواق لتستفيد فرق سعر الفائدة وعادة تتسم بسرعة الدخول والخروج الأسواق يحدث حالة الإرباك وخاصة خروجها تحدثه ضغط الطلب النقد الأجنبي وتوجد سوق الأسهم والسندات تشترط مددا زمنية لعمليات البيع والشراء وقد تتسع الدائرة لتشمل وجود الأموال الساخنة مجال المضاربات تتسم بالسرعة الذهب النقد الأجنبي بورصات السلع تهيئة المناخ لعودة الأموال الساخنة قرابة عامين تصريحات الوزير وتحديدا السادس مارسآذار اتخذت مصر قرارات تتعلق برفع سعر الفائدة وتخفيض قيمة الجنيه توقع عودة الأموال الساخنة لمصر واردا بشكل كبير فهذه الأموال تراهن الأمرين لوجودها سوق يرفع سعر الفائدة ويخفض قيمة العملة المحلية وحسب وكالة بلومبيرغ مصر تعد أعلى عائد أذون الخزانة والسندات بالعملة المحلية دولة نامية يتم متابعتها الوكالة ووفق الوكالة فمصر باعت السابع مارسآذار أذون خزانة بنحو مليار مليار بسعر فائدة كبار مؤسسات الاستثمار العاملة الديون المحلية ساهمت شراء أذون السابع مارسآذار المؤسسات غولد مان ساكس وسيتي بنك ومورغان ستانلي ونظرا لأن مخرج مصر أزمتها الاقتصادية والتمويلية مارسآذار أتى عبر مصادر تتسم بعدم الاستدامة صفقة رأس الحكمة زيادة قيمة قرض صندوق النقد الدولي الحصول القروض الخارجية فإنه المناسب تتعامل مصر بحذر ضوء ممارستها السلبية السابقة وفي ضوء صرح وزير المالية الدكتور محمد معيط أنهم تعلموا الدرس وأنه يجب يعتمد الأموال,0
الفرصة تتيحها الأموال الساخنة حالة مصر لوحظ مواردها النقد الأجنبي كانت دوما احتياجاتها نلمسه بيانات الميزان التجاري السلعي عادة يفضى عجز أمر مستمر سنوات وكانت أكبر قيمة لهذا العجز خلال السنوات العشر الماضية عام بلغ مليار مصادرها النقد الأجنبي أغلبها مصادر ريعية إيرادات قناة السويس والصادرات النفطية وعائدات قطاع السياحة وتحويلات العاملين بالخارج وهي مصادر معرضة بشكل دائم للتهديدات الإقليمية والدولية اللجوء للأموال الساخنة الملاذات اعتمدتها مصر للعمل استقرار سعر الصرف وشهدت فترة تولي فاروق العقد محافظا للبنك المركزي توسعا استخدام الآلية كانت تبعات الديون الخارجية لمصر محدودة وكانت السياسة المالية الوقت تعبأ بقيمة وحجم الدين المحلي التوسع تم تم توصل إليه اتفاق صندوق النقد أدى الاعتماد الأموال الساخنة للوصول تراه الحكومة استقرارا لسعر الصرف لذلك هبطت قيمة الدولار استخدام الأموال الساخنة وذلك وفق بيانات التقرير الشهري لوزارة المالية ديسمبركانون الأول فكان متوسط سعر الصرف عام جنيها للدولار ووصل متوسط سعر جنيها للدولار عام فالفرصة الوحيدة تتيحها عودة الأموال الساخنة لمصر خلال الفترة القادمة إحداث زيادة عرض النقد الأجنبي يساعد تحسين سعر صرف الجنيه العملات الأجنبية مشروط بحسن أداء الحكومة لمواردها النقد الأجنبي وبخاصة شروط صندوق النقد الدولي تترك مصر سعر الصرف لآليات العرض والطلب وأن تنظر الحكومة الأموال أنها أداة استثنائية يتم الاعتماد عليها وأن تستغني عنها أقرب فرصة بسبب أعبائها الدين العام جهة جهة أخرى اتسامها بعدم الاستقرار الاستدامة,0
ارتفع التضخم السنوي مستويات الأسعار مصر خلال فبرايرشباط الماضي ينايركانون الثاني السابق وفق بيانات الجهاز المركزي للتعبئة العامة والإحصاء جاء ارتفاع التضخم الشهر الماضي مدفوعا بزيادة سنوية لأسعار الطعام والمشروبات بنسبة وارتفاع أسعار الملابس والمسكن والمياه والكهرباء والغاز والوقود بنسبة وفق بيانات مؤشر أسعار المستهلكين الصادر اليوم الأحد وارتفعت أسعار الأثاث والتجهيزات والمعدات المنزلية والصيانة زادت أسعار الرعاية الصحية وسجلت أسعار النقل والمواصلات زيادة نسبتها ونمت أسعار الاتصالات السلكية واللاسلكية وارتفعت أسعار قسم الثقافة والترفيه مؤشر أسعار المستهلكين وزادت كلفة التعليم قسم المطاعم والفنادق فقد زاد مؤشر أسعاره بسبب ارتفاع أسعار مجموعة الوجبات الجاهزة مجموعــة خدمــات الفنادق وعلى أساس شهري زاد معدل التضخم خلال الشهر الماضي لشهر ينايركانون الثاني الماضي فض التضخم قال محافظ البنك المركزي المصري حسن عبد الله القاهرة تستهدف خفض معدل التضخم رقم أحادي المدى المتوسط وذلك حرر البنك سعر صرف الجنيه ورفع أسعار الفائدة نقطة أساس خلال اجتماع استثنائي الأربعاء الماضي وقال رئيس الوزراء المصري الأربعاء صندوق النقد الدولي سيرفع برنامجه الحالي لإقراض مصر مليارات مليارات وذلك الوقت سمح البنك المركزي للجنيه بالهبوط وقال سيسمح بحرية تداول العملة والاتفاق الجديد توسيع لتسهيل الصندوق الممدد البالغ مليارات لمدة شهرا أبرمه صندوق النقد الدولي مصر ديسمبركانون الأول بنوده الرئيسية التحول نظام مرونة لسعر الصرف,0
الفاشر تبدو الآثار الاقتصادية والاجتماعية لشهر رمضان العام واضحة أسواق إقليم دارفور غربي السودان وسارع التجار طرح المواد الاستهلاكية المخصصة لشهر الصوم الأسواق رغم ضعف القدرة الشرائية بسبب تداعيات الحرب الدائرة حاليا البلاد الجيش وقوات الدعم السريع أبريلنيسان الماضي وتعد تكلفة مستلزمات شهر رمضان العام الأعلى مقارنة بالسنوات الماضية بسبب الارتفاع الحاد أسعار المواد الغذائية الأساسية وصعوبة تأمين المواد اللازمة لإعداد الأطعمة الرمضانية التقليدية اعتادوا تحضيرها خلال الشهر المبارك وتعاني الأسواق المحلية إقليم دارفور تحديات عدة تؤثر سلبا إمدادات السلع والأسعار يشهد الإقليم نقصا الإمدادات القادمة شرق البلاد بورتسودان بسبب توسع دائرة الحرب وتداعياتها السلبية حركة القوافل التجارية وإلى دارفور وتوقفت الإمدادات بشكل جزئي شهد الإقليم العام قلة إنتاج الذرة والحبوب يزيد الضغوط الأسواق المحلية ويؤدي ارتفاع الأسعار ويؤثر بشكل كبير الاستقرار الاقتصادي والاجتماعي وتوقفت حركة القوافل التجارية المحملة بالبضائع والقادمة بورتسودان دارفور اشتداد وتيرة الحرب الإقليم الصعب القوافل التجارية الوصول وجهتها المقصودة بسبب انعدام الأمن كانت القوة المشتركة المكونة حركات الكفاح المسلح بدارفور تعمل تأمين وصول القوافل عبر الطريق القومي الرابط شرق البلاد وغربه زاد تعقيد الأوضاع الاقتصادية المنطقة,0
تأهل فريق أرسنال الإنجليزي الدور ربع النهائي لبطولة دوري أبطال أوروبا لكرة القدم بفوزه الثلاثاء بورتو البرتغالي بركلات الترجيح الوقتان الأصلي والإضافي صفر ملعب الإمارات لندن وسجل البلجيكي لياندرو تروسار هدف المباراة الوحيد الدقيقة الـ وهي المرة الأولى يبلغ أرسنال ربع النهائي موسم علما بأنه خرج ثمن النهائي آخر مشاركات وكانت مباراة الذهاب انتهت بفوز بورتو بالنتيجة ذاتها بدأ أرسنال المباراة مهاجما محاولة لتعويص تخلفه ذهابا لكنه اصطدم بفريق منظم بقيادة قلب الدفاع المخضرم بيبي عاما يخوض مباراته الرقم دوري الأبطال وكانت محاولات المدفعجية تتكسر مشارف المنطقة شكل بورتو الخطورة باعتماده الهجمات المرتدة ومنها سدد البرازيلي إيفانيلسون بيسراه مشارف المنطقة مرت جانب القائم اللاعب نفسه بمحاولة جديدة حارس مرمى أرسنال الإسباني دافيد رايا بالمرصاد وعاد رايا التشكيلة الأساسية غاب المباراة الأخيرة لفريقه ضد برنتفورد الدوري المحلي علما بأنه معار الأخير تسمح قوانين الإعارة إنجلترا بمشاركة لاعب مواجهة فريقه الأم أرسنال نجح إيجاد ثغرة الدفاع البرتغالي عندما مرر صانع ألعابه وقائده النرويجي مارتن أوديغارد كرة بينية رائعة باتجاه المهاجم البلجيكي لياندرو تروسار داخل المنطقة فسددها زاحفة بعيدا متناول حارس بورتو ديوغو كوستا مفتتحا التسجيل وشارك تروسار المباراة بدلا الجناح البرازيلي غابريال مارتينيلي يتعافى الإصابة وهدأ الإيقاع نوعا الشوط الثاني تهديد جدي المرميين وأجرى مدرب أرسنال الإسباني ميكل أرتيتا تبديلا هجوميا بإخراج لاعب الوسط الإيطالي جورجينيو وإشراك المهاجم البرازيلي غابرييل جيسوس وبعد دقيقتين نزوله سنحت الفرصة جيسوس لتسجيل الهدف الثاني لفريقه الحارس البرتغالي بالمرصاد مسافة قريبة وبقي التعادل سيد الموقف فخاض الفريقان وقتا إضافيا شوطين ورمى أرتيتا آخر أوراقه الهجومية بإشراك إدي نكيتياه بدلا تروسار مطلع الشوط الإضافي الثاني تتغير النتيجة ليخوض الفريقان ركلات الترجيح ابتسمت لأرسنال,1
بلغ برشلونة الدور ربع النهائي دوري أبطال أوروبا لأول مرة موسم عقب فوزه ضيفه نابولي الثلاثاء الملعب الأولمبي مونتجويك إياب ثمن النهائي تعادلهما ذهابا وتمكن الفريق الكتالوني تحقيق فوزه الأول الأدوار الإقصائية مباريات تعادل اثنتين وخسر مثلهما وذلك لأول مرة فوزه نابولي إياب ثمن النهائي ضمن موسم سجل فيرمين لوبيز والبرتغالي جواو كانسيلو والبولندي روبرت ليفاندوفسكي لبرشلونة والكوسوفي أمير رحماني لنابولي بدأ برشلونة المباراة بالشابين الواعدين الأمين جمال عاما وباو كوبارسي عاما ليصبح فريق يبدأ مباراة بلاعبين عاما مباراة إقصائية ضمن دوري الأبطال وفقا لأوبتا للإحصاءات ملخص مباراة برشلونة ضد نابولي وافتتح لوبيز التسجيل بسهولة بعدما وصلته تمريرة البرازيلي رافينيا الجهة اليسرى ولم يهمل كانسيلو الضيوف دقيقتين لاستيعاب التأخر بالنتيجة فضربهم بالثاني بعدما تابع تسديدة رافينيا ارتدت القائم الأيسر عقب تمريرة حصل عليها جمال قاد هجمة مرتدة نابولي عبر رحماني بهجمة منسقة وصلت ماتيو بوليتانو مررها الجهة اليمنى للأول مسددا الحارس الألماني ماركأندريه تير شتيغن وأنقذ حارس الفريق الكتالوني مرماه هدف بعدما تصدى ببراعة لرأسية الظهير الأيمن المتقدم جيوفاني دي لورينتسو دخل الضيوف الشوط الثاني بالضغط سريعا فحاول الجورجي خفيشا كفاراتسخيليا التسجيل بتسديدة مشارف المنطقة مرت جانب القائم الأيسر وحاول تشافي هيرنانديز مدرب برشلونة يسيطر وسط الملعب فأدخل سيرجي روبيرتو وأوريول روميو الدقيقة أشرك فرانشيسكو كالزونا مدرب نابولي لاعب الوسط الدانماركي يسبر ليندستروم والظهير الأيسر الأوروغوياني ماتياس أوليفيرا وتصدى الحارس أليكس ميريت لتصويبة ركلة حرة نفذها رافينيا وذهبت ركنية كادت تثمر هدفا عبر الأمين جمال الحكم يحتسبه بداعي التسلل وحاول رافينيا مجددا الحارس تصدى لتسديدته الجهة اليسرى يحاول جمال بدوره اليمين بتسديدة جميلة مرت جانب القائم الأيمن وأهدر ليندستروم فرصة معادلة النتيجة برأسية قريبة القائم الأيسر اكتفى تير شتيغن بمراقبتها وحسم ليفاندوفسكي فوز برشلونة تبادل للكرة روبرتو والألماني إيلكاي غوندوغان وصلت البديل ليفاندوفسكي تابعها المرمى وبحث جمال تسجيل هدفه الأول المسابقة الأوروبية الأعرق هجمة مرتدة بتسديدة أخيرة تصدى الحارس,1
صنف موقع بريطاني قائمة تضم أفضل مهاجمين تاريخ دوري أبطال أوروبا لكرة القدم وذكر موقع جيف مي سبورت وفرة اللاعبين ذوي المستوى العالمي المراكز بالبطولة الأولى مستوى الأندية أهمية المهاجمين يلعبون كرقم وقال التصنيف للمهاجمين الصريحين فقط لذلك يضم تألقوا المراكز الأخرى أمثال ليونيل ميسي وكيليان مبابي ومحمد صلاح وكانت عوامل التصنيف كالتالي عدد الأهداف صناعة الأهداف الألقاب مباريات تنسى لحظات مميزة وفي يلي ترتيب أفضل مهاجمين تاريخ دوري أبطال أوروبا البرتغالي كريستيانو رونالدو مباراة هدفا تمريرة حاسمة الفرنسي كريم بنزيمة مباراة هدفا تمريرة حاسمة البولندي روبرت ليفاندوفسكي مباراة هدفا تمريرة حاسمة الإسباني راؤول مباراة هدفا تمريرة حاسمة الكاميروني صامويل إيتو مباراة هدفا تمريرة حاسمة الهولندي رود فان نيستلروي مباراة هدفا تمريرة حاسمة الفرنسي تييري هنري مباراة هدفا تمريرة حاسمة العاجي ديدييه دروغبا مباراة هدفا تمريرة حاسمة الأوكراني أندريه شيفتشينكو مباراة هدفا تمريرة حاسمة البرازيلي رونالدو نازاريو مباراة هدفا تمريرات حاسمة,1
أهل الهلال السعودي الدور النهائي لدوري أبطال آسيا لكرة القدم بفوزه صفر منافسه المحلي الاتحاد إياب دور الثمانية الثلاثاء ليصل انتصارا متتاليا المسابقات ويواجه فريق المدرب جورجي جيسوس فاز الاتحاد صفر مجموع المباراتين منافسه العين الإماراتي أقصى النصر السعودي بركلات الترجيح الدور النهائي وقد افتتح ياسر الشهراني التسجيل للهلال الدقيقة بعدما تلقى تمريرة سيرجي ميلينكوفيتشسافيتش ليسدد كرة منخفضة مدى قريب سكنت شباك عبد الله المعيوف وفي الدقيقة الخامسة الوقت بدل الضائع ضاعف البرازيلي مالكوم النتيجة بعدما سدد الشباك وضع انفراد وتلقى الاتحاد غاب عنه كريم بنزيمة للإصابة ونجولو كانتي لطرده مباراة الذهاب ضربة قوية بخروج لاعبه البرازيلي فابينيو للإصابة دقيقة اللعب ولم يستغل الاتحاد أفضليته بالشوط الأول أنقذ محمد العويس حارس الهلال فرصة رومارينيو دقائق انطلاق المباراة وارتطمت تسديدة رومارينيو بالقائم الدقيقة وسيطر الهلال الكرة الشوط الثاني ليحافظ تقدمه النتيجة وتوترت الأجواء دقيقتين نهاية الوقت الأصلي للمباراة ليطرد عبد الزراق حمد الله مهاجم الاتحاد بعدما جذب علي البليهي مدافع الهلال رقبته يدخل مشادة كاليدو كوليبالي,1
ستعان برينتفورد المنافس بالدوري الإنجليزي الممتاز لكرة القدم بأحد دعاة وأئمة مساجد مدينة برينتفورد لتثقيف لاعبيه المسلمين وتأهيلهم لصيام صحي وذلك بمناسبة حلول شهر رمضان المبارك ونشر النادي عبر صفحته الرسمية عبر منصة إكس مقطع فيديو يوثق جانبا زيارة الشيخ عبد الصمد عبد النبي مقر النادي وحديثه اللاعبين وعلق بالقول رمضان كريم الجميع نادي برينتفورد إطار الاستعداد للشهر الكريم للمسلمين انضم إمام محلي اللاعبين والموظفين لمناقشة التدريب والتغذية والتعافي خلال شهر رمضان مقدما التهنئة للمسلمين إنجلترا وخارجها وظهر اللاعبون الفيديو رفقة الجهاز الفني وهم يستمعون لنصائح الإمام حول الصوم والتعامل معه خلال اللعب والنصائح اللازمة يتضرر اللاعب خلال ساعات رمضان نقص الطعام والسوائل,1
سحبت اليوم الثلاثاء مقر الاتحاد الأفريقي لكرة القدم بالقاهرة قرعة الدور ربع النهائي بطولتي دوري أبطال أفريقيا وكأس الاتحاد الكونفدرالية وفي يلي نتيجة قرعة دوري أبطال أفريقيا سيمبا تنزانيا الأهلي مصر حامل اللقب مازيمبي الكونغو الديمقراطية بيترو دي لواندا أنغولا الترجي تونس أسيك ميموزا ساحل العاج يانغ أفريكانز تنزانيا ماميلودي صنداونز جنوب أفريقيا وتقام مباريات الذهاب مارسآذار والإياب أبريلنيسان الدور نصف النهائي يلتقي الفائز الترجي وأسيك الفائز يانغ أفريكانز وصنداونز يلتقي الفائز سيمبا والأهلي الفائز مازيمبي وبيترو دي لواندا وتقام مباراتا ذهاب نصف النهائي أبريلنيسان والإياب نتيجة قرعة ربع نهائي كأس الاتحاد الأفريقي الكونفدرالية مودرن فيوتشر مصر الزمالك مصر أبوسليم ليبيا نهضة بركان المغرب ريفرز يونايتد نيجيريا اتحاد العاصمة الجزائر حامل اللقب الملعب المالي مالي دريمز غانا تقام مباريات الذهاب مارسآذار والإياب أبريلنيسان الدور نصف النهائي ويلتقي نصف النهائي الفائز ريفرز واتحاد العاصمة الفائز أبوسليم وبركان والفائز فيوتشر والزمالك الفائز الملعب المالي ودريمز وتقام مباراتا ذهاب نصف النهائي أبريلنيسان والإياب,1
الاتحاد الدولي لكرة القدم فيفا تأهل فريق يوفنتوس الإيطالي للمشاركة كأس العالم للأندية ستقام بمشاركة ناديا صيف العام المقبل الولايات المتحدة وأشار فيفا تدوينة عبر حسابه الرسمي منصة إكس تأهل يوفنتوس مستفيدا تفوقه التصنيف الأوروبي المتراكم خروج نابولي الإيطالي دور الـ لدوري أبطال أوروبا بالخسارة برشلونة الإسباني الثلاثاء وأوضح يوفنتوس الفريق العاشر أوروبا يتأهل مونديال الأندية مستفيدا تصنيفه الأوروبي التراكمي آخر سنوات وسبق تأهلت أندية تشلسي الإنجليزي وريال مدريد الإسباني ومانشستر سيتي الإنجليزي الفوز بلقب دوري أبطال أوروبا أعوام وتأهلت أندية بايرن ميونخ وبوروسيا دورتموند ألمانيا بنفيكا وبورتو البرتغال باريس سان جيرمان الفرنسي وإنتر ميلان الإيطالي بفضل التفوق التصنيف الأوروبي التراكمي ويتبقى لأوروبا مقعدان أخيران للفائز بلقب دوري أبطال أوروبا الموسم بخلاف فريق إسباني آخر التصنيف ويبقى المقعد الإسباني حائرا فريقي برشلونة وأتلتيكو مدريد يحاول تعويض خسارته ذهابا إنتر ميلان الإيطالي بنتيجة صفر عندما يلتقي الفريقان اليوم الأربعاء إياب دور الـ,1
صدر النائب الفرنسي حركة فرنسا الأبية توماس بورت بيانا طالب الاتحاد الدولي لكرة القدم فيفا بضرورة فرض دقيقة صمت خلال مباريات نهاية الأسبوع تكريما لروح الحكم الدولي الفلسطيني محمد خطاب وأعلن الاتحاد الفلسطيني لكرة القدم الأربعاء استشهاد الحكم الدولي المساعد وزوجته وأطفاله الأربعة جانب عدد آخر أفراد عائلته نتيجة قصف إسرائيلي منزله بدير البلح قطاع غزة وجاء بيان توماس بورت نشره عبر حساباته منصات التواصل الاجتماعي وأمام حجم المجزرة يمكن للمجتمع الدولي والسلطات الرياضية تبقى صامتة الأمم المتحدة والمؤسسات الدولية تعترف بالرياضة باعتبارها رافعة أساسية لتنمية ونشر ثقافة العدالة الشعوب يمنحها دورا حاسما بناء السلام وأضاف البيان أتوجه رسميا بطلب الاتحاد الدولي لكرة القدم للحصول دقيقة صمت ملاعب كرة القدم حول العالم نهاية الأسبوع تكريما لروح محمد خطاب وأصبح خطاب حكما دوليا معتمدا الفيفا عام وشارك التحكيم بعديد البطولات الآسيوية والعربية,1
يحل الهلال السعودي ضيفا مواطنه الاتحاد الثلاثاء ملعب مدينة الملك عبد الله الرياضية إياب ربع نهائي دوري أبطال آسيا لكرة القدم ويبدو الهلال القادم انتصارا متتاليا المسابقات بينها الدوري يتصدره بفارق نقطة النصر مرشحا لتخطي عقبة مواطنه الاتحاد الفوز ذهابا بهدفين نظيفين سجلهما الصربي ألكسندر ميتروفيتش وسالم الدوسري جدول مباريات ربع نهائي دوري أبطال آسيا لكرة القدم وإدراكا لصعوبة المهمة ضد الهلال قرر المدرب الأرجنتيني مارسيلو غاياردو إراحة نجومه خلال الفوز الأخدود المباراة الأخيرة بالدوري المحلي وفضل غاياردو إراحة المغربي عبد الرزاق حمد الله والبرازيلي فابينيو وأبقى المصري أحمد حجازي والبرازيلي رومارينيو مقاعد البدلاء وسيدفع غاياردو بكامل نجوم الفريق وبينهم الفرنسي كريم بنزيمة غاب لقاء الذهاب وقبلها الخسارة الهلال الأول الشهر الحالي ضمن المرحلة الـ الدوري بسبب الإصابة المقابل سيغيب مواطنه نغولو كانتي حصوله بطاقة حمراء خلال الذهاب إثر تدخله العنيف السنغالي خاليدو كوليبالي,1
أمل نابولي الإيطالي التأهل ربع نهائي دوري أبطال أوروبا لكرة القدم عندما يحل ضيفا برشلونة الثلاثاء إياب ثمن نهائي المسابقة القارية العريقة وكانت مواجهة الذهاب ملعب دييغو أرماندو مارادونا بمدينة نابولي انتهت نتيجة التعادل وحرصا تحفيز الفريق الفوز ضد برشلونة الكامب نو وعد رئيس نابولي أوريليو دي لورينتيس لاعبيه بمكافأة استثنائية حال التأهل ربع النهائي وذكرت صحيفة ماركا الإسبانية دي لورينتيس لديه ثقة كبيرة لاعبيه لكنه أراد تقديم مكافأة تبلغ ملايين لحثهم تحقيق إنجاز كبير كتالونيا ويأمل دي لورينتيس استمرار نابولي سباق دوري أبطال أوروبا إنقاذ الموسم المخيب للآمال ولتأمين مكان كأس العالم للأندية ويدرك رئيس نابولي جيدا قيمة الأموال سيجنيها الفريق حال الوصول مونديال الأندية سيحصل الفريق المتأهل حوالي مليون وتضاف إليها مبالغ أخرى مرتبطة بالنتائج وضمن إنتر ويوفنتوس وجودهما البطولة المرموقة يحتاج نابولي للفوز برشلونة للحصول نقطة لتأمين مكانه كأس العالم للأندية وفقد نابولي رسميا لقب الدوري الإيطالي لابتعاده بفارق نقطة إنتر المتصدر مراحل ختام المنافسات,1
أعلن الاتحاد المصري لكرة القدم اليوم الأحد قائمة المنتخب الأول المكونة لاعبا بقيادة مدربه حسام حسن والتي شهدت غياب محمد صلاح مهاجم ليفربول المنافس الدوري الإنجليزي الممتاز لكرة القدم وسيخوض منتخب مصر بطولة ودية بالإمارات مارسآذار الجاري بمشاركة كرواتيا وتونس ونيوزيلندا وتولى حسن الهداف التاريخي لمنتخب بلاده تدريب مصر خلفا للبرتغالي روي فيتوريا الخروج دور الـ لكأس الأمم الأفريقية الخسارة بركلات الترجيح الكونغو الديمقراطية وغاب صلاح التشكيلة الأولى بقيادة المدرب الجديد حسن رغم إعلان الاتحاد انضمامه للقائمة الثاني مارسآذار الجاري وكان صلاح تعرض للإصابة سابقا أثناء تمثيل مصر كأس الأمم الأفريقية الأخيرة وعاد لفريقه أصيب مجددا يشارك كبديل سبارتا براغ الدوري الأوروبي الخميس الماضي,1
عزز مدريد صدارته للدوري الإسباني لكرة القدم وذلك عقب فوزه الكبير ضيفه سيلتا فيغو صفر اليوم الأحد الجولة الـ الليغا ورفع مدريد رصيده نقطة صدارة ترتيب المسابقة بفارق نقاط جيرونا صاحب المركز الثاني نقاط برشلونة صاحب المركز الثالث الجانب الآخر تجمد رصيد سيلتا فيغو نقطة المركز الـ وتقدم مدريد الدقيقة طريق فينيسيوس جونيور سجل فيسنتي جوايتا حارس مرمى سيلتا فيغو الهدف الثاني للريال بالخطأ مرمى فريقه بالدقيقة وسجل كارلوس دومينيغز لاعب سيلتا فيغو الهدف الثالث للريال بالخطأ مرمى فريقه الدقيقة واختتم أردا غولر رباعية الريال الدقيقة الرابعة الوقت المحتسب بدلا الضائع للشوط الثاني وهذا الهدف الأول للاعب التركي الملكي غاب معظم المباريات بسبب الإصابات,1
أصر المهاجم المصري محمد صلاح رحيل يورغن كلوب فريق ليفربول الإنجليزي بنهاية الموسم الحالي يؤثر مستقبله النادي سيتنحى كلوب منصبه كمدير فني نهاية الموسم وهي خطوة تكهن الكثيرون بأنها تحدث تغييرات بالجملة النادي يستعد لدخول حقبة جديدة وترجح تقارير إعلامية اللاعبين الأشهر الـ الأخيرة عقودهم ترينت ألكسندر أرنولد وفيرجيل فان دايك وصلاح يتبعون خطوات المدرب ويغادرون أنفيلد الدولي المصري أصر أنه يسمح لرحيل كلوب بالتأثير قراره وقال صلاح لشبكة سكاي سبورتس إنها الحياة لاعبون مهمون جدا غادروا النادي المدرب مهم جدا للفريق لكنه سيغادر يوم الأيام سأغادر النادي خروج كلوب يكون تأثير وتحدث لاعب تشلسي سابقا سماعه لأول مرة خبر قرار رحيل كلوب الصيف معترفا بأنه يظن الألماني وشك توقيع عقد جديد ليفربول وصرح عادة نعقد اجتماعات الساعة صباحا لذلك الأمر غريبا عندما قالوا اجتماعا الوقت وتابع اللاعب ينتهي عقده عام وكيل كلوب وقلت سيجدد عقده دقائق الاجتماع أخبرني فيرجل فان دايك كلوب سيغادر فقلت لماذا فقال فكرة لدي وكان كلوب عاما يحظى بشعبية كبيرة أبلغ إدارة النادي نوفمبرتشرين الثاني الماضي أنه سينهي مسيرته ليفربول أعوام ونصف نهاية الموسم الحالي,1
عادل باريس سان جيرمان متصدر الدوري الفرنسي لكرة القدم ضيفه ستاد رانس اليوم الأحد وشهدت المباراة جلوس الهداف كيليان مبابي مقاعد البدلاء الدفع آخر دقيقة المباراة وفاجأ رانس أصحاب الأرض بالتقدم دقائق البداية بعدما تردد أشرف حكيمي تمرير الكرة داخل منطقة الجزاء ليخطفها عمر دياكيتي الظهير الأيمن بالقرب خط المرمى ويمررها مارشال مونيتسي ليضعها الشباك سان جيرمان رد بهدفين دقيقتين الأول هدف عكسي إثر ارتطام تمريرة عرضية ركلة ركنية بمدافع رانس يونس عبد الحميد والثاني سجله جونزالو راموس عندما سقطت الكرة أمامه داخل منطقة الجزاء إبعادها بشكل خاطئ لتصبح النتيجة ومع أدرك رانس التعادل عندما كسر دياكيتي التسلل ليقابل تمريرة إيمانويل أجبادو ويسدد مرمى الحارس كيلور نافاس وأطلق مبابي سجل هدفا الدوري الموسم تسديدتين المرمى خلال مشاركته ليحصل الفريقان نقطة لكل منهما ووسع سان جيرمان الفارق الصدارة نقاط بينما يحتل رانس المركز التاسع,1
كشف المركز الدولي للدراسات الرياضية سي إس ومقره سويسرا الخميس قائمته السنوية لأغلى لاعب كرة القدم العالم القيمة المالية لصفقات الانتقال التقديرية وليس القيمة السوقية للاعبين وحلق الإنجليزي جود بيلينغهام نجم مدريد الإسباني عاليا القائمة بحوالي مليون متفوقا بقية نجوم المستديرة الحاليين وأبرزهم النرويجي إيرلينغ هالاند هداف مانشستر سيتي الإنجليزي صاحب المركز الثاني بقيمة تفوق مليون وجاء البرازيلي فينيسيوس جونيور زميل بيلينغهام النادي الملكي المرتبة الثالثة بأكثر مليون بينما يكن للفرنسي كيليان مبابي مهاجم باريس سان جيرمان مكان قائمة العشرين الأوائل مبابي مركز مفاجئ الرغم التكهنات الكبيرة حول مستقبله كيليان مبابي احتل المركز بقيمة انتقال تقديرية تجاوزت ملايين ووفقا للمركز الدولي المركز المفاجئ للنجم الفرنسي سببه عقده باريس سان جيرمان الفرنسي ينتهي الصيف المقبل ورغم الترتيب المتأخر جدا يزال بطل العالم منتخب فرنسا والفائز بجائزة الفتى الذهبي أغلى اللاعبين الدوري الفرنسي بقيمة سوقية تقدر مليون موقع ترانسفير ماركت العالمي معايير اختيار اللاعبين محاولة لقياس قيم الانتقالات المقدرة للنجوم أنحاء العالم استند خبراء الإحصاء المركز الدولي للدراسات الرياضية خوارزمية إحصائية أنشئت خلال فحص صفقة انتقال سابقة مختلف بطولات العالم,1
اكتسح بايرن ميونخ ضيفه ماينز وهزمه بنتيجة ضمن منافسات الجولة الدوري الألماني لكرة القدم اليوم السبت بينما نجح بوروسيا دورتموند تصحيح مساره تعادل وخسارة الجولتين الماضيتين وتقدم الفريق البافاري بهدفين سجلهما هاري كين وليون غرويتسكا الدقيقتين بينما قلص نديم أميري الفارق للضيوف بهدف الدقيقة وفي الوقت بدل الضائع أضاف هاري كين الهدف الثاني والثالث لفريقه لينهي العملاق البافاري الشوط الأول متقدما بـ أهداف لهدف وفي الشوط الثاني عزز بايرن ميونخ تفوقه بـ أهداف أخرى سجلها توماس مولر وجمال موسيالا وسيرجي غنابري وهاري كين وليون غرويتسكا الدقائق ورفع بايرن حقق أكبر انتصار الموسم بعدما سحق دارمشتات صفر أكتوبرتشرين الأول الماضي رصيده نقطة المركز الثاني متأخرا بفارق نقاط باير ليفركوزن المتصدر يلعب فولفسبورغ الأحد فرصة إعادة الفارق نقاط ماينز تجمد رصيده نقطة المركز وقبل الأخير هاري كين يعادل رقما عمره عاما فرض كين نفسه نجما المهرجان التهديفي للعملاق البافاري بتسجيله ثلاثية هاتريك وتمريره كرتين حاسمتين ورفع المهاجم الدولي الإنجليزي رصيده هدفا صدارة هدافي بوندسليغا ليعادل الرقم القياسي السابق يعود عاما عدد الأهداف الموسم الأول لأحد اللاعبين الدوري الألماني حققه الأسطورة أوفي زيلر بقميص فريق هامبورغ خلال موسم,1
أثار إيرلينغ هالاند نجم مانشستر سيتي ضجة مباراة فريقه دوري أبطال أوروبا منتصف الأسبوع ضد كوبنهاغن عندما ألمح إمكانية انتقاله مدريد الإسباني وسبق ارتبط اسم هالاند بالانتقال صفوف النادي الملكي الخطوة تتم النهاية ظل تركيز الميرينغي التعاقد الفرنسي كيليان مبابي مهاجم فريق باريس سان جيرمان وقال المهاجم النرويجي عندما سئل إمكانية انتقاله البرنابيو يومين متأكد أنني سأقرأ قلته العناوين الرئيسية يضيف مدريد تعرف قط يحمله المستقبل وذكرت صحيفة آس الإسبانية أنه يجدر بنجم بوروسيا دورتموند السابق يقول سعيد جدا مانشستر سيتي وهذا يبدو صحيحا وأنه يركز فقط تحقيق أشياء كبيرة السيتي لكنه بدلا اختار إرسال رسالة محسوبة ومتعمدة مدريد,1
حقق النجم النرويجي إيرلينغ هالاند هداف مانشستر سيتي رقما قياسيا جديدا بوصوله للهدف رقم بالدوري الإنجليزي الممتاز لكرة القدم عدد المباريات وجاء هدف هالاند ضد ليفربول السبت قمة الأسبوع الـ انتهت بالتعادل ليصبح بذلك أسرع لاعب يحقق هدفا مباراة فقط,1
جمع النرويجي أهدافه الـ البريميرليغ خلال موسمين خاضهما لحد مانشستر سيتي بواقع هدفا مباراة بالموسم الأول محطما الرقم القياسي لعدد الأهداف المسجلة موسم حقق هدفا الموسم الحالي ونشر مانشستر سيتي تغريدة بحسابه منصة إكس يشيد بانجاز هالاند وكتب رقما قياسيا يصدق وسجل هالاند هدفا بقدمه اليسرى أهداف بقدمه اليمنى أهداف بالرأس وهدفا وحيدا بالفخذ وبهذا الإنجاز التاريخي تفوق الدولي النرويجي مهاجمين أسطوريين سابقين وواحد يزال ينشط الدوري الممتاز وصلوا هدفا عدد المواجهات الإنجليزي أندي كول المهاجم السابق لنيوكاسل ومانشستر يونايتد هدفا مباراة سجل كول هدفا الدوري الممتاز لصالح نيوكاسل يونايتد موسم وفي منتصف موسمه الثاني انتقل مانشستر يونايتد وهناك وصل هدفا الهولندي رود فان نيستلروي لاعب مانشستر يونايتد السابق هدفا مباراة حقق المهاجم الهولندي هدفه رقم فوز فريقه السابق مانشستر يونايتد مضيفه نيوكاسل موسم آلان شيرر المهاجم السابق لبلاكبيرن وساوثهامبتون هدفا مباراة احتاج الهداف الإنجليزي شيرر مباراة فريقيه السابقين ساوثهامبتون وبلاكبيرن ليسجل هدفا الإسباني فيرناندو توريس مهاجم ليفربول سابقا هدفا مباراة سجل المهاجم الإسباني هدفه رقم الدوري الإنجليزي الممتاز الريدز مباراته رقم وكان هدف الفوز المتأخر أستون فيلا ديسمبركانون الأول عام المصري محمد صلاح مهاجم ليفربول هدفا مباراة احتاج النجم صلاح مباراة ليسجل هدفه الـ الدوري الممتاز وكان الدولي المصري وقع هدفين ناديه السابق تشلسي يحقق هدفا الريدز,1
أحرز إيرلينغ هالاند مهاجم مانشستر سيتي هدفا مرمى كوبنهاغن ضمن إياب ثمن نهائي دوري أبطال أوروبا لكرة القدم الأربعاء وبذلك أضاف رقما جديدا رصيده المزدحم بالأرقام القياسية وأحرز الإعصار النرويجي الهدف الثالث فوز سيتي ليرفع رصيده هدفا مباراة خاضها بالبطولة القارية المرموقة ولم يسبق لأي لاعب تاريخ البطولة سجل العدد الأهداف العمر عدد المباريات بحسب شبكة أوبتا للإحصائيات وتفوق النرويجي الملقب بـالمنجنيق الهولندي رود فان نيستلروي مهاجم مانشستر يونايتد وريال مدريد الأسبق سجل عدد الأهداف خلال مباراة وفي سن الـ وعندما الـ العمر سجل الأسطورة ليونيل ميسي لاعب إنتر ميامي الأميركي هدفا مباراة خاضها بالبطولة الأوروبية العريقة ووصل كيليان مبابي مهاجم باريس سان جيرمان الفرنسي عمر ميسي الرقم خاض مباراة ويتساوى البولندي المخضرم روبرت ليفاندوفسكي مهاجم برشلونة الحالي وبايرن ميونخ الألماني السابق عدد مباريات مبابي بلوغه حاجز هدفا بعمر عاما وفي سن عاما حقق البرازيلي نيمار دا سيلفا لاعب الهلال السعودي الحالي وبرشلونة وباريس سان جيرمان الأسبق هدفا مباراة,1
ابتكر فريق الباحثين الولايات المتحدة منظومة جديدة للذكاء الاصطناعي يمكنها التنبؤ باحتمالات الإصابة بمرض ألزهايمر سنوات بدء ظهور أعراض المرض وتعتمد المنظومة ابتكرها فريق بحثي جامعة كاليفورنيا سان فرانسيسكو الأميركية مستويات الكوليسترول الدم ونسبة هشاشة العظام المرأة ضمن مؤشرات حيوية أخرى لقياس احتمالات الإصابة بألزهايمر وتقول الباحثة أليس تانج عضو فريق الدراسة المنظومة تمثل الخطوة الأولى استخدام الذكاء الاصطناعي تحليل البيانات الصحية الروتينية لتحديد مخاطر الإصابة بالمرض بشكل مبكر قدر المستطاع وكذلك محاولة فهم التفسيرات البيولوجية وراء الإصابة بألزهايمر وأضافت قوة الذكاء الاصطناعي السياق تتمثل إمكانية تحديد المخاطر بناء مجموع الأمراض المختلفة يعاني المشاركون التجربة وفي إطار التجربة نشرتها الدورية العلمية نيتشر إيجينغ استخدم الفريق البحثي بيانات صحية تخص ملايين مريض للبحث العناصر تزيد احتمالات الإصابة بألزهايمر اعتمادا منظومة الذكاء الاصطناعي ووجدوا دقة تنبؤات المنظومة يمكن تصل سنوات الظهور الفعلي لأعراض المرض وبحسب الدراسة الباحثون أمراضا عديدة ارتفاع ضغط الدم والكوليسترول ونقص فيتامين دي تعتبر مؤشرات الإصابة بألزهايمر الرجال والنساء حد سواء تبين تضخم البروستاتا وضعف الانتصاب دلالات الإصابة بالمرض الرجال وأن هشاشة العظام مؤشرات الإصابة النساء الإصابة بهذه الأمراض دليلا مؤكدا المريض يصاب بألزهايمر مستقبلا وقالت تانج المنظومة الإلكترونية يمكنها التنبؤ بألزهايمر بناء مجموعة الأمراض يعاني الشخص ويأمل الباحثون توظيفها لتشخيص الإصابة بأمراض أخرى الذئبة الحمراء وبطانة الرحم المهاجرة,2
وصلت دراسة حديثة اختبار سهل باستخدام الدم للكشف ألزهايمر يؤدي إجراء فحص ومراقبة لمن يشتبه بإصابتهم نطاق أوسع وأسهل تقدم سكان العالم السن يستعد خبراء الصحة لارتفاع معدلات الأمراض المرتبطة بالعمر مرض ألزهايمر وأصبح العثور طرق جديدة لتشخيص الحالة أولوية وقت مضى نظرا لأن العلاجات الجديدة تعمل بشكل أفضل وقت مبكر مسار المرض وفقا لتقرير التايم الوقت الحالي تعد الطريقتان الأساسيتان لتشخيص مرض ألزهايمر التصوير المقطعي بالإصدار البوزيتروني البزل القطني مكلفة للغاية ملائمة بالنسبة لمعظم الناس يترك الكثير الحالات تشخيص والتصوير المقطعي بالإصدار البوزيتروني اختبار تصوير يستخدم المواد المشعة لتشخيص مجموعة متنوعة الأمراض يستخدمه الأطباء للعثور الأورام وتشخيص أمراض القلب واضطرابات الدماغ وغيرها الحالات ويستخدم الاختبار مادة كيميائية مشعة آمنة قابلة للحقن تسمى المتتبع الإشعاعي وجهازا يسمى الماسح الضوئي وفقا لكليفلاند كلينيك تشغيل الفيديومدة الفيديو المتتبع الإشعاعي يكتشف الماسح الضوئي الخلايا المريضة تمتص كميات كبيرة المتتبع الإشعاعي يشير وجود مشكلة صحية محتملة وفي تقنية البزل القطني يقوم مقدم الرعاية الصحية بإدخال إبرة مجوفة المساحة المحيطة بالعمود الفقري الفضاء العنكبوتية أسفل الظهر لسحب السائل النخاعي وفحصه حقن الدواء وفقا لجامعة جونز هوبكنز دراسة نشرت مجلة جاما نيورولوجي أفاد الباحثون اختبار واعد وسهل باستخدام الدم يؤدي إجراء فحص ومراقبة نطاق أوسع وعمل الباحثون جامعة غوتنبرغ السويد شركة ألز باث وهي الشركة طورت اختبار ألزهايمر المعتمد الدم والمستخدم الدراسات البحثية وقام الباحثون بالتحليل عبر إجراء التصوير المقطعي البزل القطني عينات الدم حوالي شخص مجموعات مختلفة المرضى الولايات المتحدة وكندا وإسبانيا ووجدوا اختبار الدم عالي الدقة الكشف ألزهايمر وقال نيكولاس أشتون الأستاذ المساعد الكيمياء العصبية بجامعة غوتنبرغ والمؤلف الرئيسي للدراسة لقد أداء اختبار الدم ممتازا دقيقا بنسبة تقريبا يقيس الاختبار مادة تسمى تاو المفسفرة بروتين ظهر كمؤشر قوي لمرض ألزهايمر وتميل مستويات تاو المفسفرة الارتفاع عندما تبدأ كتل بروتين الأميلويد وهي السمة المميزة لمرض ألزهايمر التشكل بالدماغ وغالبا يكون سنوات ظهور أعراض فقدان الذاكرة والتدهور المعرفي يقول أشتون الأطباء السويد بدؤوا دمج اختبار الدم برنامج شامل لتشخيص وإدارة مرض ألزهايمر لقد بدؤوا إجراء دراسة وجمع عينات الدم لتحديد نسبة المرضى وأضاف نأمل يتمكن يشتبه إصابته بالخرف الوصول الاختبار يكشف الأمراض الكامنة وراء يسبب أعراضه,2
طور فريق علماء جامعة ويسكونسن ماديسون أنسجة دماغية مطبوعة بتقنية الطباعة ثلاثية الأبعاد يمكنها تنمو وتعمل أنسجة الدماغ الطبيعية ويحمل الإنجاز الواعد آمالا كبيرة للباحثين والمختصين دراسة الأدمغة وأنسجتها يعملون إيجاد حلول للاضطرابات العصبية ألزهايمر وباركنسون ويشير البروفيسور سو تشون تشانغ مركز وايزمان بجامعة ويسكونسن ماديسون التأثير المرتقب لهذا الابتكار فهم روابط خلايا الدماغ وبيولوجيا الخلايا الجذعية وعلم الأعصاب ومسببات الاضطرابات العصبية وعلى عكس الطريقة التقليدية الطباعة التراكمية العامودية الباحثين لجؤوا ترتيب الخلايا العصبية ووضعها جنبا جنب أفقي والخلايا العصبية المستخدمة خلايا نمت خلايا جذعية مستحثة واستخدم الباحثون مادة هلامية تسمى الحبر الحيوي للفصل الطبقات سمح للخلايا بالنمو والتفاعل بعضها البعض الأنسجة كانت رقيقة للغاية لضمان امتصاص الأكسجين والمواد الغذائية بالشكل الأمثل يسهل تكوين شبكات تشبه أدمغة البشر وقد أظهرت الخلايا المطبوعة القدرة تكوين روابط داخل الطبقات وبينها بالإضافة التواصل الفعال خلال الناقلات العصبية وتعد تقنية الطباعة الأفقية المستخدمة مبتكرة وواعدة لأنها تتطلب معدات أساليب زراعة تخصصية يجعلها ممكنة للعديد المختبرات الإمكانيات المحدودة ويهدف الباحثون تطوير تقنيتهم الطباعة وإضافة المزيد التحسينات التركيز المادة الهلامية المستخدمة الطبقات,2
طور باحثون طريقة مبتكرة لمكافحة الأورام الخبيثة والخلايا السرطانية طريق تنظيم تدفق الكالسيوم داخل الخلية وتلعب أيونات الكالسيوم دورا حاسما الوظائف الخلوية ولكنها يمكن تصبح ضارة التعرض لجرعات عالية وصمم الباحثون مركبا ينظم تدفق الكالسيوم داخل الخلايا السرطانية باستخدام أيونات الكالسيوم الموجودة أنسجة الورم يلغي الحاجة مصدر خارجي للكالسيوم وبطبيعة الحال الخلايا الحية تحتاج أيونات الكالسيوم عناصر عدة لضمان عمل الميتوكوندريا تعمل كمولد للطاقة الخلية زيادة الكالسيوم يمكن تعطل عمل الميتوكوندريا يؤدي اختناق الخلايا وموتها وبالتعاون فريق بحثي جامعة إيهوا للإناث سول بكوريا الجنوبية وفرق صينية أخرى تمكنوا الاستفادة الظاهرة ليصنعوا دواء مضادا للورم قادر تنشيط قنوات الكالسيوم يؤدي تدفق مميت للكالسيوم داخل الخلايا السرطانية وركز الباحثون قناتين أساسيتين واحدة تقع الغشاء الخارجي والأخرى الشبكة الإندوبلازمية وهي عضية خلوية تخزن أيونات الكالسيوم وبعد تجارب ناجحة الخلايا السرطانية مجموعة الفئران توصل الباحثون التعرض للأشعة الحمراء القريبة يحفز عمل الدواء يؤدي اختفاء الورم,2
يقول الكاتب الأميركي المعروف ديل كارنجي نتأثر بشكل بالغ بالأشخاص نخالطهم ويقصد كارنجي بذلك التأثير المستوى الفكري والأخلاقي وبينما تؤثر علاقاتنا الاجتماعية أفكارنا واهتماماتنا وحتى سلوكنا يؤكد العلم التأثير يمتد ليشمل صحتنا واستعدادنا لبعض الأمراض يتشكل الميكروبيوم الخاص خلال اتصالنا بأفراد عائلتنا وأصدقائنا وكل نخالطهم وكيف يتشكل الميكروبيوم الميكروبيوم مجموعة الميكروبات البكتيريا والفطريات والفيروسات وجيناتها تعيش بشكل طبيعي أجسامنا وداخلنا المفيد ومنها الممرض أجرى فريق الباحثين جامعة ترينتو الإيطالية دراسة شملت الآلاف أنحاء العالم لدراسة الميكروبيوم الخاص بكل مجموعة وبعد عينات فم وأمعاء المشاركين وتحليلها استنتجوا الأمراض المرتبطة بخلل الميكروبيوم السرطان وداء السكري والسمنة تكون قابلة للانتقال البشر طريق الاختلاط المباشر كاختلاط أفراد العائلة ورفقاء السكن والأصدقاء وحتى الجيران ونشر الفريق نتائج الدراسة دورية نيتشر يوم ينايركانون الثاني الماضي الميكروبيوم مجموعة الميكروبات تعيش بشكل طبيعي أجسامنا وداخلنا المفيد والممرض شترستوك تعد الدراسة أشمل الدراسات مجال الميكروبيوم تتناول الإجابة بشكل واضح ومستفيض سؤالين مهمين للغاية لماذا تنتقل الميكروبات الأمعاء والفم ومتى يحدث الانتقال وحسب تصريح كاثرين زيو الباحثة علوم الميكروبيوم بجامعة ستانفورد بالولايات المتحدة لموقع نيتشر الميكروبات الجديدة تستمر إعادة تشكيل الميكروبيوم لدينا طوال حياتنا مجموعة ميكروبية ركزت معظم الدراسات السابقة تناولت آلية تشكيل البشر للميكروبيوم الخاص اتصال بالميكروبات خلال الأم فهذا الاتصال السبيل لاكتساب مجموعة ميكروبية ولدراسة ولماذا تتغير مجموعة ميكروبية يكتسبها الشخص مدى حياته الفريق البحثي بتحليل الحمض النووي يقرب آلاف عينة البراز واللعاب ابتداء بأشخاص يعيشون القرى الريفية إيطاليا والأرجنتين ومدن الصين وصولا عدد السكان أوروبا وأميركا الشمالية درس الباحثون التشابه سلالات الميكروبات وجدت فم وأمعاء أفراد الأسرة والشركاء وزملاء المنزل وغيرهم وأكد التحليل التشابه القوي الميكروبيوم الخاص بالأمهات وذلك الخاص بأطفالهن تحديدا وقت مبكر أعمارهم وأظهرت الدراسة الرضع خلال السنة الأولى أعمارهم يحملون نصف السلالات الميكروبية المعوية تحملها أمهاتهم ولوحظ انخفاض مدى التشابه تقدم الأطفال العمر لكنه يختف تماما سن الرابعة شارك الأطفال أعدادا مماثلة سلالات الميكروبات آبائهم الحال أمهاتهم وفي حالة التوائم ابتعدوا بعضهم بعضا أنهم يحملون عددا الميكروبات المعوية المتشابهة زادت فترة افتراقهم يعيشون معا وقد لوحظ التشابه أفراد الأسر عديد المجموعات الريفية يميل الأشخاص أسر منفصلة القرية نفسها حمل السلالات الميكروبية المعوية نفسها الأشخاص قرى مختلفة الأفراد عاشوا معا لفترات طويلة يميلون امتلاك سلالات الميكروبات نفسها أفواههم وأمعائهم شترستوك واستنتج الفريق تحليل بيانات العينات المدروسة الأفراد عاشوا معا بغض النظر علاقتهم يميلون امتلاك سلالات الميكروبات نفسها أفواههم وأمعائهم وكلما طالت مدة حياتهم معا زادت نسب التشابه الأزواج كانوا شريحة تميل مشاركة نوع السلالات نفسها حد أكبر الأطفال والآباء وحسب هيلاري براون عالمة الأحياء الدقيقة معهد ويلكوم سانجر هينكستون بالمملكة المتحدة ستكون الورقة البحثية مهمة للغاية لأنها تجيب أهم الأسئلة البحثية مجال الميكروبيوم ولأنها تضع حجر الأساس لدراسة يمكن يسهم المرض انتشار الميكروبات يعتقد أنها مسببات الأمراض والقيام بذلك يتطلب دراسة علاقة ميكروبات معينة وانتشارها بصحة البشر دراسات طويلة الأمد المسار تتجه إليه أبحاث الميكروبيوم وتختم براون بقولها المبشر أننا سنكون قادرين توفير إجابة لبعض الأسئلة مستقبلا المصدر مواقع إلكترونية,2
مكن فريق بحثي بقيادة علماء جامعة نورثويسترن الأميركية اكتشاف عنقود جديد الجينات يمكن يلعب دورا هاما علاج السرطان ويفتح الباب لتطورات مستقبلية فهم عدد الأمراض الوراثية وبحسب الدراسة نشرها الفريق دورية ساينس أدفانسز المجموعة الجديدة الجينات والتي سميت إلوا فريدة نوعها بالنسبة للبشر ولفئة الرئيسيات الثدييات البشرية كتاب الحياة فخلال عدة عقود مضت أدت التطورات المتسارعة تقنيات تسلسل الجينوم البشري تحقيق فهم أفضل لمختلف المناطق أنحاء الجينوم البشري ولفهم فكرة تسلسل الجينوم البشري تخيل جسدك يحتوي كتاب تشغيل الجينوم وكل صفحة الكتاب تحتوي تعليمات لبناء جزء جسمك وصيانته فمثلا تركيب أنفك لون شعرك طول عظامك وصولا أدق التفاعلات الكيميائية داخل خلاياك كلها عمليات مشفرة بالحروف الكتاب تسلسل الجينوم يساعد العلماء فهم المزيد أجسامنا أدق مستوى المستوى الجيني شترستوك ويشبه تسلسل الجينوم قراءة وفهم حرف صفحة الكتاب وبالتالي يساعد تسلسل الجينوم العلماء فهم المزيد أجسامنا أدق مستوى المستوى الجيني وهي عملية معقدة لأن الحروف مركبات كيميائية دقيقة جدا ومتداخلة جدا ولطالما وجدت الجينوم البشري مناطق سميت المادة المظلمة الجينية يعرف العلماء الكثير وظائفها وتتكرر تسلسلات الحمض النووي بشكل مفهوم وبحسب بيان صحفي صادر جامعة نورثويسترن الفريق نفسه تمكن عدة سنوات فهم يسمى مركب استطالة بوليمريز الحمض النووي الريبوزي يساهم قراءة المناطق المظلمة المتكررة بشكل خاص وبالتبعية بدأ العلماء استكشاف جيناته وبحسب الدراسة الجديدة المجموعة الجديدة الجينات تتكرر الجينوم البشري بعدد ثابت فقد يكون أحدهم نسخة وقد يكون الآخر نسخة وقد يكون شخص نسخة وسبب معروف ويشرح الفيديو التالي الاكتشاف آفاق جديدة ويفتح الاكتشاف الباب لعلاج السرطان وعدد الأمراض الوراثية البشر والفكرة ببساطة أنه عرف السبب بطل العجب فالأمراض تمتلك أساسا جينيا يسهل علاجها قمنا بفهم الأساس الجيني وبشكل عام النوع المكتشفات يسمح للعلماء بالانتقال خطوة الأمام طريق الطب الشخصي نموذج جديد ينظم العملية العلاجية بالكامل تشخيص وتحليل وعلاج وتغذية بناء طبيعة شخص وليس بشكل عام الطب الشخصي أمل البشرية لعلاج الكثير الأمراض وتقليل الآثار الجانبية ولنأخذ السرطان سبيل المثال يمكن القول يوجد مريض بسرطان محدد يشبه مريضا آخر مصابا بالنوع نفسه السرطان وذلك لأن اختلافات جينية الشخصين تؤثر استجابة منهما للبرامج الدوائية بشكل مختلف الآخر ومع استكشاف المزيد الجينوم البشري يسهل العلماء فهم الجينات الخاصة بكل شخص حدة بشكل أفضل,2
تتكون أبجدية الحياة حروف رئيسية تمثل القواعد النيتروجينية تخزن شفرة الكائن الحي الوراثية داخل الحمض النووي الريبي منقوص الأكسجين دي وهذه الحروف الأدينين ويرمز بالحرف والثيامين والسايتوزين سي والغوانين جي أبجدية واحدة ويختلف الحمض النووي الريبوزي آر يعد مسؤولا تنظيم ترجمة المعلومات الوراثية ونقلها وفك تشفيرها القاعدة قليلا يحتوي القاعدة النيتروجينية اليوراسيل يو بدلا الثيامين اقرأ الصواريخ البكتيرية الموجهة أداة الحرب الجرثومية التربة أيدي البشر اكتشاف يفتح آفاق المجهول فيروس توجد أمعاء الإنسان نهج وراثي جديد لدراسة تفاعلات الفيروسات والميكروبات البكتيريا المفترسة تطبيقات واعدة الصحة والبيئة وتقترن القواعد النيتروجينية بشكل معين تتمكن تشفير المعلومات الوراثية وتكوين الشريط المزدوج للحمض النووي منقوص الأكسجين يقترن الأدينين بالثيامين خلال رابطتين هيدروجينيتين يرتبط السايتوزين بالغوانين خلال روابط هيدروجينية وعلى الرغم الأبجدية تكفي الكائنات معقدة الخلايا تخزن وتعبر أسرارها الوراثية فإنها يبدو تكفي للكائنات البسيطة ونظرا لطبيعة الحرب الضروس الفيروسات تصيب البكتيريا والتي تعرف بالعاثيات وبين فرائسها البكتيريا يطور أساليب متفردة يقضي الآخر العاثيات أخذت السباق المسلح مستويات جديدة التطور تقترن القواعد النيتروجينية ببعضها لتكون شريط الحمض النووي المزدوج بيكسابي عاثيات غامضة تعود القصة عام اكتشف العلماء أنواع العاثيات يعرف باسم سيانوفاج إسإل استبدل قواعد الأدينين النيتروجينية بقواعد النوع أمينوأدينين والتي يرمز بالرمز زد أبجدية الفيروس تحتوي الحروف زد سي جي ويبدو التعديل أدخله النوع العاثيات مادته الوراثية يهدف توفير الحماية الذاتية لنفسه ضد البكتيريا ترتبط القاعدة النيتروجينية زد بالثيامين خلال روابط هيدروجينية بدلا اثنتين يفعل الأدينين يعني ارتباطا أقوى وبالتالي يضفي الجينوم الفيروسي خصائص جديدة وذلك بأن يجعله أشد مقاومة للكسر حال هاجمته البكتيريا العلماء يكتشفوا العاثيات الأخرى تحمل التعديل الوراثي المحتوي القاعدة زد ونظرا لصعوبة استزراع عاثيات السيانوفاج إسإل المختبر فقد محتواها الجيني محل لغز محير للعلماء ولذلك فإننا نعرف الكثير الكيفية تتكون القاعدة النيتروجينية الطريقة ترتبط الثيامين لتكون الحمض النووي الخاص بالفيروس دي زددي يعرف باسم الجينومزي يعدل السيانوفاج إسإل مادته الوراثية بهدف توفير الحماية الذاتية لنفسه ضد البكتيريا يوريك ألرت جينومزي الفريد وحديثا أفردت دورية ساينس عددها الصادر يوم أبريلنيسان الماضي مقالات أجرتها فرق بحثية مستقلة للإجابة التساؤلات وقد أظهرت الدراسة الأولى أجراها باحثون صينيون والثانية أجراها باحثون فرنسيون بروتينين رئيسيين يضطلعان بتكوين القاعدة النيتروجينية زد جاءت نتائج الدراسة الثالثة أجراها فريق دولي العلماء بقيادة باحثين فرنسا مؤكدة النتائج وكاشفة إنزيم يدعى يعد مسؤولا ربط وتكوين الجينومزي بأكمله وبالبحث قواعد البيانات الخاصة بالتسلسلات الجينية اكتشف العلماء العديد العاثيات تحتوي تسلسلات جينية لجينات مماثلة لتلك تكون البروتينات والإنزيمات آنفة الذكر أظهرت قواعد البيانات العديد العاثيات تحتوي تسلسلات جينية مماثلة للسيانوفاج إسإل بيكسابي وبالطبع القاعدة النيتروجينية الجديدة ستوفر مزيدا التنوع الوراثي يطمح إليه العديد العلماء الأمر يمكن تشبيهه بإضافة حرف جديد لغتك تتحدث يعني كلمات جديدة تضاف قاموس لغتك وكذلك الأمر بالنسبة للخلية تنوع أحرفها يعني إنتاج مكون جديد اكتساب وظيفة جديدة إلخ الكثير الأسئلة زلنا نجهلها الجينومزي الخاص بهذه العاثيات فعلى سبيل المثال يتوافق الجينومزي الآليات الخلوية الطبيعية الموجودة داخل خلايانا وهل الممكن استخدامه بالنهج نفسه نفعله عمليات التخليق الاصطناعي للجينات,2
سنوات طويلة خلت كانت أفريقيا مركزا للعديد الحضارات القديمة فبجانب الحضارة المصرية كانت إمبراطورية كانمبرنو ومملكتا أكسوم وماكوريا وغانا وكوش وبلاد بونت وقرطاج وغيرها يصلنا كثير الممالك ولسبر أغوار الحضارات تعاون فريق بحثي تخصصات شتى داخل قارة أفريقيا وخارجها يشمل علماء الوراثة وعلماء الأنثروبولوجيا وعلماء الآثار والمؤرخين واللغويين وقد وجدوا الحمض النووي لبعض سكان القارة يحمل آثار إمبراطوريات أفريقيا القديمة وأن دليلا اختلاط أعراق القارة وقد نشروا نتائج البحث دورية ساينس أدفانسز مارسآذار الماضي تعد الدراسة الدراسات تعمقا الجينوم الأفريقي خلال تحليل جينوم فردا مجموعة عرقية أغلبها الكاميرون وجمهورية الكونغو وغانا ونيجيريا والسودان وجنوب أفريقيا توصل الباحثون الهجرة داخل القارة كانت مرتبطة بإمبراطوريات شاسعة كانمبرنو ومملكتي أكسوم وماكوريا انتشار مجموعة لغات البانتو يتحدثها يقرب أفارقة الهجرة داخل قارة أفريقيا كانت مرتبطة بإمبراطوريات شاسعة كانمبرنو ومملكتي أكسوم وماكوريا شترستوك الهجرة إمبراطورية كانمبرنو ظهرت إمبراطورية كانمبرنو سنة ميلادية تقريبا وامتدت مسافة ألفي كيلومتر عبر ووسط أفريقيا وظلت قائمة طوال عام وكانت لديها شبكات تجارية واسعة تربط أفريقيا وشرقها وغربها وقد أدى بقاء آثار وراثية أنحاء القارة الحمض النووي لشعب الكاميرون الحالي قالت نانسي بيرد الباحثة معهد الوراثة بجامعة كاليفورنيا والمؤلفة الأولى للدراسة البيان الصحفي المنشور موقع فيز دوت أورغ يقرب عام كانت إمبراطورية كانمبرنو جاذبة لأبناء القارة فقد وجدنا دليلا سكان وشرق أفريقيا هاجروا إليها وهذا يعكس الأرجح تأثيرها الجغرافي الواسع النطاق عبر أفريقيا بدرجة تجعل أشخاصا يقطعون مسافة كيلومتر للوصول إليها الهجرة مملكة أكسوم تسلط الدراسة الضوء مملكة أكسوم شملت شرق أفريقيا وجنوب الجزيرة العربية وكانت تعد القوى العظمى الأربع العالم القرن الثالث جانب الإمبراطوريات المعاصرة الصين وبلاد فارس وروما وكذلك مملكة المقرة امتدت طول نهر النيل السودان القرنين الخامس والـ ووقعت واحدة أطول معاهدات السلام الدائمة التاريخ الحضارة المصرية تغير المناخ أثر البيئة آلاف عام وقلص مساحات الغابات القارة أنسبلاش وقالت نانسي وجدنا أدلة هجرة السكان الجزيرة العربية السودان عهد مملكة أكسوم يبرز أهميتها كمركز عالمي حوالي عام الجدير بالذكر البيانات الجينية بينت الهجرات حدثت بالكامل تقريبا بدأت معاهدة السلام المقرة ومصر تنهار تغير المناخ والهجرة وبينما اهتمت الدراسات السابقة بالتأثير الجيني لهجرة متحدثي البانتو الكاميرون شرق وجنوب أفريقيا فحسب تقدم الدراسة أدلة دامغة الهجرات ربما امتدت غرب القارة وربما كانت مرتبطة بتغير المناخ توضح نانسي بيرد الدراسات السابقة أثبتت تغير المناخ أثر البيئة آلاف عام وقلص مساحات الغابات القارة وهذا يتوافق توقيت الهجرات القديمة اكتشفناها ويعني تغير المناخ ربما مسؤولا النزوح الكبير لسكان القارة حينئذ الحمض النووي لبعض سكان القارة يحمل آثار إمبراطوريات أفريقيا القديمة وثمة دليل اختلاط أعراق القارة شترستوك الاستعمار وطمس التاريخ وقال المشرف العام الدراسة والباحث معهد الوراثة جامعة كاليفورنيا غاريت هيلينثال القارة الأفريقية تاريخ هائل ومعقد طمسه الاستعمار عمد وغفلت عنه المناهج الأوروبية وهذا يشمل نطاق الإمبراطوريات الأفريقية التاريخية وتأثيرها كانت تزال الجينومات الأفريقية ممثلة تمثيلا ناقصا الدراسات الجينية مقارنة بمناطق أخرى العالم سيما أوروبا وقد بينت الورقة البحثية تنوعا كبيرا جينات الأفارقة يحتاج دراسات أخرى كثيفية وعميقة وقال فوركا ليبي ماثيو فومين المؤلف المشارك الدراسة والأستاذ جامعة بويا بالكاميرون يزال كثير المجموعات العرقية الأفريقية سبيل المثال الكاميرون يجر عليها أبحاث جينية المحتمل تحتوي جينوماتها العديد الأسرار الأخرى وأضاف لدينا القدرة جمع عينات عرقية أخرى ونبحث متعاونين مهتمين بدراستها المصدر فيز دوت أورغ مواقع إلكترونية,2
صنف متلازمة الاضطرابات الكروموسومية وهي تصيب الإناث فقط وتنتج وجود نسخ كروموسوم إكس بدلا نسختين فما أعراضها وهل علاج كروموسوم إكس تحتوي الخلايا البشرية باستثناء خلايا الحيوانات المنوية والبويضات كروموسوما مخزن المادة الوراثية وتأتي الكروموسومات زوجا كروموسومين حدة زوجا تسمى بالكروموسومات الجسمية والزوج الأخير تسمى كروموسوماته بالجنسية فهو يحدد جنس الشخص فالأنثى يكون لديها الزوج مكونا كروموسومي ويكتب الذكر فيحتوي جين وآخر ولذلك يكتب وتصيب متلازمة الإناث فقط وتنتج وجود نسخ كروموسوم إكس بدلا نسختين الإناث المصابات إجمالي كروموسوما خلاياهن لذلك يتم كتابة الحالة أحيانا باسم متلازمة إكس إكس إكس إكس أسماء أخرى لمتلازمة متلازمة إكس إكس إكس إكس رباعي إكس تيترا إكس رباعي الصبغي إكس تحدث متلازمة تحدث متلازمة بسبب طفرات جينية تعرف باسم المتغيرات المسببة للأمراض يمكن تكون الطفرات الجينية وراثية عندما ينقلها الآباء أطفالهم تحدث بشكل عشوائي عندما تنقسم الخلايا تنجم الطفرات الجينية الفيروسات المصابة العوامل البيئية الأشعة البنفسجية الناتجة التعرض لأشعة الشمس مزيج العوامل تختلف علامات وأعراض متلازمة ولكنها يمكن تشمل صعوبات خفيفة متوسطة النطق والتعلم تأخر النمو تشوهات الأسنان عيوب القلب تشوهات مفصل الفخذ ومشاكل وظيفة المبيض تم الإبلاغ زيادة خطر الإصابة بالعدوى مرحلة الطفولة عمر ظهور أعراض متلازمة تبدأ الأعراض العمرية بالظهور بشكل يختلف الأمراض تبدأ الأعراض فئة عمرية واحدة خلال عدة فئات عمرية تبدأ أعراض الأمراض عمر أعراض متلازمة تشوهات الأسنان ضعف الإدراك عجز التفكير الاستدلال التذكر تأخر النمو الحركي والعقلي للطفل المهارات الحركية والكلام واللغة والمهارات المعرفية والمهارات الاجتماعية والعاطفية زيادة المسافة العينين ضعف العضلات زيادة الحركة والمرونة المفاصل يجعلها تتحرك خارج نطاق الحركة المتوقع صعوبات التعلم الحول تشوهات مفصل الفخذ تشوهات القلب والأوعية الدموية خلل الجهاز المناعي قصور المبيض المبكر يؤدي انقطاع الطمث سن الأربعين علاج متلازمة يمكن إصلاح الخطأ الكروموسومي يسبب متلازمة بالتالي المتلازمة نفسها علاج يعتمد العلاج التعامل الأعراض وتقليلها صعوبات التعلم,2
يشكل شهر رمضان المبارك فرصة لبدء نظام غذائي صحي يفيد الجسم ويساعد وقايته الأمراض وفي اليوم الأول الشهر الفضيل نقدم إرشادات لتحضير أفضل إفطار الصعيد الصحي ووفقا لوزارة الصحة العامة القطرية شهر رمضان فرصة للتخلص العادات السيئة تؤثر سلبا الصحة الصيام يريح الجهاز الهضمي ويقويه ويزيد كفاءته ويساعد ضبط مستويات الدهون الثلاثية الدم بالمقابل الإفطار أطعمة دسمة ومقليات والإكثار الحلويات يأتي بنتائج عكسية ويؤدي زيادة الدهون الثلاثية والكوليسترول وزيادة الوزن مخطط وجبة إفطار مثالية أولا التمر تناول تمرات كوب ماء ثانيا تناول الحساء تجنب الشوربات الكريمية والدسمة واستبدلها بشوربات الخضار العدس الشعير الدجاج خالية الكريمة ثالثا المقبلات تناول المقبلات الحساء فهي تهيئ معدتك لبدء عملية الهضم لذلك ينصح باختيار المقبلات الغنية بالخضار الفتوش والسلطة الخضراء والتبولة قليل الليمون الخل إضافة ملح رابعا الطبق الرئيسي الأفضل تحتوي موائد رمضان طبق رئيسي تنوع الطعام وإسرافه يؤديان عموما الإفراط تناول الطعام يجب يشتمل طعام وجبة الإفطار الكربوهيدرات الأرز والمعكرونة والخبز وغيرها والبروتين الموجود اللحوم الحمراء الدجاج السمك البروتين النباتي الفول والعدس والحمص قواعد أفطر التمر أدخل الحساء والسلطات خطتك الغذائية الابتعاد الأطعمة المقلية والدسمة قدر الإمكان واستبدال القلي بالخبز الشوي تجنب تناول الحلويات يوميا خلال شهر رمضان واقتصرها المناسبات الخاصة تناول الطعام خارج المنزل دعوة الضيوف وجبة الإفطار قم بتضمين السلطة لضمان تلبية احتياجات الجسم الألياف والفيتامينات والمعادن أمثلة أطباق رمضانية صحية المقبلات الرمضانية الصحية الحمص تناوله بالملعقة غمسه بالخبز الأسمر حمص بالثوم المحمص ويحضر عبر إضافة رأسين الثوم المحمص وخلطه الحمص والطحينة والليمون ورق العنب المحشي مراعاة الحشو بكمية الأرز فطائر السبانخ حلومي مشوي ويحضر عبر شوي أصابع الجبنة الحلوم الفرن وهي بديل جيد البطاطا المقلية وتحتوي الكالسيوم والبروتين السلطات الرمضانية الصحية سلطة الفتوش وتتكون خضراوات بسيطة وطازجة وقطع الخبز المحمص سلطة التبولة وتحتوي البرغل والبقدونس والنعناع والخضراوات سلطة الطماطم والأفوكادو والخيار سلطة الكوسا ولتحضيرها يتم خلط شرائح الكوسا الجوز والبارميزان سلطة البرغل بالحمص الشوربات الرمضانية الصحية شوربة العدس شوربة الأرز بالليمون حساء الدجاج بالشعيرية حساء الفاصوليا البيضاء شوربة الفريكة الدجاج الأطباق الرمضانية الصحية يخنة البازلاء والجزر يخنة الفاصوليا الخضراء الدجاج يخنة السبانخ يخنة الفاصوليا البيضاء يخنة الكفتة والبطاطس وتشمل طهي كرات اللحم المتبلة صلصة الطماطم يخنة البامية وتضم الثوم والكزبرة وصلصة الطماطم ولحم البقر والبامية الطازجة المجمدة الملوخية المجدرة وتتكون الأرز والعدس والبصل المقلي المحمر معكرونة باللبن معكرونة الحمص طبق المعكرونة النباتي الكريمي طبق جانبي صحي مستوحى البحر الأبيض المتوسط ومثالي للتناول كفتة الدجاج شيش كباب الدجاج ويشوى الدجاج سيخ الخضار الطازجة شاورما الدجاج المنزلي شيش طاووق وفيه يتم تتبيل الدجاج بالزبادي والليمون والثوم فريكة بالدجاج كفتة لحم البقر وتحضر لحم البقر المفروم والبقدونس والبصل ومزيج البهارات كباب لحم البقر شاورما لحم البقر الملفوف المحشي ويحشى بمزيج الأرز واللحم البقري المفروم الفلافل ويحضر الحمص المطحون والأعشاب والبصل والتوابل يقلي بالزيت انتبه عدم تناول كمية كبيرة لأنه مرتفع السعرات الحرارية المصدر الجزيرة وكالات مواقع إلكترونية,2
الت جينيفر ديكس المدربة الرياضية قسم الطب الرياضي كليفلاند كلينك الولايات المتحدة عددا المعايير يمكن للصائمين تطبيقها رمضان لممارسة الرياضة بأمان وتسلط ديكس الضوء إرشادات يمكنها مساعدة يرغب المحافظة تمارينهم الرياضية خلال شهر رمضان تناول أغذية متوازنة أوضحت ديكس أنه الأهمية بمكان عدم تفويت وجبة السحور والحرص تناول وجبات متوازنة ويجب تشتمل وجبتا السحور والإفطار الكربوهيدرات المعقدة الخبز الأسمر والبروتينات الخالية الدهون والدهون الصحية وأكدت ديكس ضرورة التركيز الأغذية تسهم ترطيب الجسم أوقات الوجبات وقالت يجب تجنب الأطعمة المالحة وإدراج الأطعمة تحتوي نسبة عالية الماء الوجبات الفاكهة كالبطيخ والتفاح والكمثرى والخضروات الخيار ترطيب الجسم بكفاءة بينت ديكس أنه يتوجب الأفراد شرب المزيد السوائل العادة وذلك لتجنب الجفاف خلال اليوم واقترحت تناول يصل لتر الماء الصباح السحور بالإضافة الماء يعد الحليب والفواكه الخيارات الجيدة المشروبات الغنية بالكافيين الشاي والقهوة والمشروبات الغازية فهي مدرات للبول ويجب تجنبها قدر الإمكان المحافظة برودة الجسم وأشارت ديكس أنه يجب حمام بارد أقرب فرصة ممكنة الانتهاء التمرين وقالت الجيد الملابس الإضافية لتبديل الملابس مباشرة التمارين الرياضية عوضا البقاء ملابس التمرين تلتصق بالجسم وتحتفظ بالعرق المصدر الألمانية الجزيرة,2
أوصت مختصة التغذية الألمانية إينا دانكوا مرضى السكري بضبط مستويات السكر بالدم تجنبا لحدوث انخفاض شديد ارتفاع شديد مستوى السكر بالدم وأوضحت دانكوا عدم تناول الطعام لفترة طويلة يمكن يؤدي نقص السكر بالدم يحدث تناول جرعة زائدة الدواء تعرق وارتعاش وتتمثل أعراض الانخفاض الشديد لمستوى السكر بالدم الخمول والتعرق والارتعاش والاضطراب الداخلي والتشوش الذهني وخفقان القلب ويمكن يصل الأمر حد فقدان الوعي وعند ملاحظة الأعراض ينبغي تناول محلول السكر وفي الحالات الشديدة ينبغي الاتصال بالإسعاف تشغيل الفيديومدة الفيديو جفاف وعطش شديد وأضافت دانكوا ارتفاع مستوى السكر بالدم يحدث بسبب تناول الكثير الطعام عدم جرعة الدواء موضحة أعراض ارتفاع مستوى السكر بالدم تتمثل الجفاف والعطش الشديد والدوار والغثيان وتدهور الرؤية وتشمل أعراض ارتفاع مستوى السكر بالدم الرغبة المتزايدة التبول والتعب والإرهاق ورائحة النفس الحلوة الشيء يصل الأمر حد فقدان الوعي ويمكن مواجهة ارتفاع مستوى السكر خلال تناول الدواء وفي الحالات الشديدة ينبغي استدعاء الإسعاف,2
الت الجمعية الألمانية للحساسية والربو التهاب الأنف التحسسي الموسمي حساسية حبوب لقاح النباتات تكثر الإصابة خلال فصل الربيع بصفة بسبب انتشار حبوب اللقاح يعرف باسم حمى القش وأوضحت الجمعية حمى القش تحدث بسبب استجابة خاطئة جهاز المناعة يرى بروتينات حبوب اللقاح خطيرة فيحاربها ويرجع الميل الإصابة بحمى القش العامل الوراثي عوامل أخرى تعزز فرص الإصابة بحمى القش دخان التبغ والإفراط النظافة وتتمثل أعراض الإصابة بحمى القش سيلان الأنف وحكة الجلد وزيادة إفرازات الدموع ونوبات العطس تشغيل الفيديومدة الفيديو العلاج والوقاية وينبغي للمريض استشارة الطبيب فور ملاحظة الأعراض للخضوع للعلاج الوقت المناسب وذلك لتجنب تفاقم الحالة والإصابة بالربو التحسسي ويمكن مواجهة حمى القش بواسطة الأدوية تخفف الأعراض مضادات الهيستامين والكورتيزون اتخاذ التدابير لتجنب الاتصال بمسببات الحساسية تركيب حواجز حبوب اللقاح النوافذ وتهوية المنزل الليل بدلا النهار وكحل جذري لحمى القش يمكن اللجوء العلاج المناعي المحدد يحقن المريض بمسبب الحساسية حدد لتعويد جهاز المناعة تدريجيا الحل يتطلب التحلي بالصبر نظرا لأنه يستغرق وقتا طويلا يمكن الوقاية حمى القش يمكن الوقاية العوامل تسهم تطور الحساسية ويعني سبيل المثال الامتناع التدخين أثناء الحمل وبعد الولادة وتوفير بيئة خالية التدخين للطفل بالإضافة الرضاعة الطبيعية الكاملة الأشهر الأولى,2
تلقى ألماني عمدا عددا قياسيا جرعات لقاح كوفيد بلغ تظهر آثار جانبية بحسب باحثين درسوا حالة الشخص الأكثر تطعيما الأرجح تاريخ العالم ولاحظ علماء جامعة فريدريش ألكسندر إرلانغننورمبرغ دراسة نشرت نتائجها الاثنين مجلة لانست إنفكشويس ديزيسز البريطانية الجهاز المناعي لهذا الألماني البالغ عاما مدينة ماغديبورغ وسط البلاد تكشف هويته يعمل بشكل مثالي وأوضح الباحثون أنهم علموا بحالته خلال مقالات صحفية عام وقد أوردت الصحافة الألمانية حينها معلومات رجل ستيني مدينة ماغديبورغ يشتبه أنه تلقى يقرب جرعة اللقاح المضاد لكوفيد بهدف جمع الشهادات المرتبطة وإعادة بيعها أشخاص يحتاجون لهذه الشهادات لكنهم يمتنعون تناول اللقاح وفتح تحقيق قضائي شأن الرجل بتهمة الاحتيال يتخذ إجراء جنائي بحسب الدراسة وجمعت النيابة أدلة تطعيما مدار أشهر الشخص المعني ادعى أنه تلقى حقنة لقاحات مختلفة مضادة لكوفيد نسخ الحمض النووي المرسال مدار شهرا تشغيل الفيديومدة الفيديو التطعيم المفرط وعندما اتصل العلماء بسبب فضولهم بشأن التطعيم المفرط النادر للغاية أظهر الرجل اهتماما بالغا بمساعدتهم بحوثهم خلال تحليلات الدم واللعاب وفق أوضح بيان عالم الفيروسات جامعة إرلانغننورمبرغ كيليان شوبير المشارك إعداد الدراسة وبحسب النظريات العلمية التطعيمات الزائدة تجعل الخلايا المناعية فعالية لأنها تصبح معتادة الأجسام المضادة تكن الحال بالنسبة لهذا الألماني وفق الباحثين جسمه يحتوي تركيزات أعلى بكثير الخلايا المناعية والأجسام المضادة ضد كوفيد مقارنة بمجموعة مراقبة مكونة أشخاص تلقوا الجرعات الثلاث الموصى وفق الدراسة ولم يشعر الألماني بأي علامات تعب آثار جانبية الحقن الـ ولم يجد العلماء الرجل يسجل نتيجة إيجابية مطلقا اختبارات كوفيد آثارا لإصابة سابقة بالفيروس تشغيل الفيديومدة الفيديو الشخص الأكثر تطعيما يؤكد معدو الدراسة معارضتهم التطعيم المفرط داعين عدم استقراء الحالة الفردية واستخلاص نتائج تشجع الممارسات وقالت كايتيان غاينتي المتخصصة تاريخ اللقاحات كينغز كولدج لندن والتي تشارك الدراسة لوكالة الصحافة الفرنسية إنها تسمع قط شخص حصل لقاحات الرجل ورأى عالم الفيروسات جامعة طوكيو سبيروس ليتراس بالتأكيد الشخص الأكثر تطعيما تم الإبلاغ عنه وأن الحالة تحدث مرة أخرى قريبا,2
واشنطن صوت أعضاء لجنة استشارية طبية أميركية لصالح تطعيم الأطفال تتراوح أعمارهم عاما بلقاح فايزربيوتيك المضاد لفيروس كورونا يمهد الطريق تطعيم حوالي مليون طفل الولايات المتحدة وجاءت الموافقة خلال تصويت لمستشاري إدارة الغذاء والدواء الأميركية إف دي بموافقة عضوا وامتناع عضو فقط اقرأ وكالة الأدوية الأوروبية تقر تطعيم المراهقين بلقاح فايزر المضاد لكورونا الدولة بدأت تطعيم عمرهم سنتان بهذا اللقاح المضاد لفيروس كورونا الآثار الجانبية للقاح كورونا الأطفال وهل يجب يحصل الصغار التطعيم المصاب ينقل العدوى بدل مصر تدرس تطعيم الأطفال ضد كورونا ويمهد التصويت بالموافقة الطريق للأطفال الأصغر سنا للحصول اللقاحات غضون أسابيع قليلة قادمة ويشكل رأي الخبراء محطة أساسية آلية الترخيص الولايات المتحدة نادرا تخالفه إدارة الغذاء والدواء الأميركية ويمكن تصدر إدارة الغذاء والدواء قرارا نهائيا غضون أيام أسابيع بمنح الأطفال اللقاح تم تحديد كمية اللقاح للأطفال مقداره ميكروغرامات ثلث يتلقاه الكبار ميكروغراما حقنة يعطى بجرعتين بفارق أسابيع بينهما شترستوك منطق طلب فايزر لتطعيم الأطفال وجاءت الموافقة بعدما تقدمت شركتا فايزر وبينوتيك بطلب تلقيح الأطفال الأصغر سنا وكان اللقاح حظي بموافقة السلطات الطبية الأميركية لمن تزيد أعمارهم عاما بداية العام وقدمت شركة فايزر نتائج تجربة سريرية أجريت طفل أثبتت فعالية اللقاح بنسبة للقاحها فيروس كورونا يسببه عوارض الأطفال عاما وتم تحديد كمية اللقاح مقداره ميكروغرامات ثلث يتلقاه الكبار ميكروغراما حقنة يعطى بجرعتين بفارق أسابيع بينهما ومع انتشار وتفشي متغير دلتا بداية الصيف الماضي ارتفعت الإصابات الأطفال بصورة ملحوظة وتقول إدارة الرئيس جو بايدن إنها تخطط لتوزيع الجرعات بمجرد تأذن إدارة الغذاء والدواء وقالت الإدارة إنها اشترت يكفي اللقاح لتطعيم الأطفال تتراوح أعمارهم عاما الولايات المتحدة وسوف توزعه الصيدليات ومراكز التطعيم إضافة للإبر صغيرة الحجم لتسهيل عمل أطباء الأطفال والصيادلة قدمت فايزر نتائج تجربة سريرية أجريت طفل أثبتت فعالية اللقاح بنسبة للقاحها فيروس كورونا الجزيرة الأعراض الجانبية نادرة وقال أعضاء اللجنة الاستشارية شهادتهم الثلاثاء تطعيم الأطفال الأصغر عمرا يصاحبه حالات نادرة ارتفاع معدل التهاب عضلة القلب الصغار لكنهم أكدوا فوائد اللقاح تفوق المخاطر وقال الدكتور دوران فينك نائب مدير قسم اللقاحات إدارة الغذاء والدواء تعقيبه اجتماع المستشارين جيشا صغيرا موظفي إدارة الأغذية والعقاقير عملوا مدار الساعة خلال الشهر الماضي لضمان تكون البيانات المتعلقة بالأطفال دقيقة قدر الإمكان وتأتي توصية اللجنة الوقت تم الإبلاغ مليون إصابة الأطفال تتراوح أعمارهم عاما إدخال حوالي طفل المستشفيات وفقا لمركز السيطرة الأمراض والوقاية واحتاج ثلث الأطفال أدخلوا المستشفى العلاج وحدة العناية المركزة وقد درست إدارة الأغذية والعقاقير عدة سيناريوهات لتقدير أثر تطعيم الأطفال وأظهر أحدها تطعيم مليون طفل تتراوح أعمارهم عاما شأنه يمنع إصابة بالفيروس حالة دخول المستشفيات وحدوث حالة وفاة واحدة وفي المليون طفل يكون حالة حالات التهاب عضلة القلب المرتبط باللقاح المتوقع يتعافى معظمهم تماما المقاطعات الأميركية ومنها مقاطعة مونتغمري بولاية ميريلاند المجاورة للعاصمة واشنطن تفرض تلاميذها الخضوع لاختبار الفيروس أسبوعيا لضمان سلامة التلاميذ مواقع التواصل اللقاح وانتظام الدراسة ويفترض يطمئن السماح بتطعيم الأطفال عددا كبيرا الأهالي القلقين عودة التلاميذ المدارس وتفرض المقاطعات ومنها مقاطعة مونتغمري بولاية ميريلاند المجاورة للعاصمة واشنطن تلاميذها الخضوع لاختبار الفيروس أسبوعيا ويقدم مجانا ضمانة سلامة تلاميذ المدارس ويقول العديد الآباء والأمهات إنهم ينتظرون بفارغ الصبر تلقي أولادهم اللقاح عودة الانتظام والحضور الشخصي أغلب المدارس الأميركية يمثل الأطفال تتراوح أعمارهم عاما يقرب حالات كوفيد المبلغ عنها الولايات المتحدة وفقا للبيانات قدمتها إدارة الغذاء والدواء اللجنة الثلاثاء يزال عدد حالات كوفيد الجديدة الأطفال مرتفعا بشكل استثنائي تمت إضافة مليون حالة أطفال مدى الأسابيع الستة الماضية وفقا للأكاديمية الأميركية لطب الأطفال وحتى أكتوبرتشرين الأول الجاري أصيب مليون أميركي بالفيروس وتوفي ألفا ووصل عدد تلقوا جرعة واحدة اللقاح مليون أميركي يعادل السكان الجرعتين مليونا يقارب إجمالي السكان البيانات قدمت إدارة الغذاء والدواء يشير أنه خلال أغسطسآب وحتى أكتوبرتشرين الأول الجاري أغلق تفشي الفيروس مدارس منطقة تعليمية أثر مدرسة وحرم مليون تلميذ الحضور لمدارسهم ومع يجادل الآباء وجماعات الدعوة بأن تطعيمات كوفيد للأطفال ضرورية تظهر الدراسات الأطفال عرضة للإصابة بأعراض المرض الرغم إصابتهم بمعدلات مماثلة للبالغين,2
الرغم الأمر يكون مزعجا الشيء فإنه المعتاد تتعرض لتشنج عضلي الحين والآخر ومثل العديد وظائف الجسم التشنجات العضلية تكون إرادية ورغم كونها مزعجة فإنها تسبب القلق بشكل عام وفي تقريرها نشرته مجلة هيلث دايجست الأميركية قالت الكاتبة إيرين ماري تشنجات العضلات يمكن تحدث لأسباب عديدة الاستجابة لدرجات الحرارة المرتفعة عدم شرب كمية كافية الماء عدم الإحماء التمرين الحالات يمكن تشير التشنجات العضلية وجود ورم المخ وغالبا تكون التشنجات العضلية المرتبطة بورم الدماغ شكل ارتعاش رجفان عضلي نوبات وتقول خدمة الصحة الوطنية البريطانية النوبات المرتبطة بورم الدماغ تحدث طرف أنحاء الجسم ككل وفي دراسة حالة نشرت عام مجلة حوليات الأكاديمية الهندية لعلم الأعصاب عانى رجل منتصف الثلاثينات عمره تشنجات عضلية الكاحل والركبة والورك أعراض أخرى وتم تشخيص إصابة المريض لاحقا بورم المخ الكاتبة يحدث ارتعاش العضلات المرتبط بورم الدماغ نطاق أصغر بدلا التعرض لنوبة أنحاء الجسم بأكمله ويمكن يشير ارتعاش العين ورم المخ جذع الدماغ الفص الصدغي الفص القذالي وقد تشمل العلامات التحذيرية المبكرة الإضافية لورم الدماغ الصداع الوخز التنميل الأطراف والغثيان والقيء وصعوبة المشي الحفاظ التوازن وتغيرات المزاج ومشاكل الذاكرة وغيرها لذلك لديك الأعراض فيجب بالتأكيد استشارة طبيبك فالتشخيص المبكر يعني الورم يكون أصغر حجما ولذلك يكون علاجه أسهل علاج ورم أكبر,2
يتوقع تحدث زيادة حالات الإصابة بالسرطان أنحاء العالم وهذا وفقا لتقرير للكاتبة خوانا غيان فاليرا نشرته مجلة كويداتي بلوس الإسبانية وذكرت تقديرات الباحثين التقرير السرطانات الأكثر شيوعا بحلول عام ستكون سرطانات القولون والمستقيم والثدي والرئة والبروستاتا والمثانة البولية وبعدها نجد الأورام اللمفاوية اللاهودجكينية سرطان البنكرياس سرطان الكلى الورم الميلانيني الخبيث الجلدي سرطانات تجويف الفم والحلق وسرطانات الرحم والمعدة والكبد وعند الرجال ستكون سرطانات البروستاتا والقولون والمستقيم والرئة والمثانة البولية الأكثر شيوعا وعند النساء المتوقع يكون سرطان الثدي والقولون والمستقيم الأكثر انتشارا وعند النساء تجدر الإشارة سرطان الرئة يزال الأورام انتشارا عام ويرجع أساسا زيادة استهلاك التبغ السبعينيات ويقول جاومي جالسيران رئيس الشبكة الإسبانية لسجلات السرطان انخفاضا واضحا حالات سرطان الرئة والمثانة الرجال بسبب انخفاض التدخين بينما تضاعفت نسبة الإصابة بسرطان الرئة النساء مرات تقريبا عام مقارنة بعام تشغيل الفيديومدة الفيديو أخطر الأورام يتعلق بالوفيات الناتجة مرض السرطان أنحاء العالم المتوقع وفقا للخبراء ترتفع السنوات المقبلة وعلى وجه التحديد يجري النظر رقم يقدر بأكثر مليون شخص عام وأشارت الكاتبة السرطانات المسؤولة أكبر عدد الوفيات أنحاء العالم كانت بالترتيب سرطان الرئة إجمالي وفيات السرطان القولون والمستقيم سرطان الكبد سرطان المعدة سرطان الثدي,2
أفادت مجلة ساينتفك ريبورتس العلمية بأن علماء المستشفى الثاني بجامعة أنهوي الطبية الصينية اكتشفوا تناول مركبات الفلافونول يساعد تحسين الحالة الصحية وتخفيض خطر الوفاة جراء العديد الأمراض ومركبات الفلافونول مواد مفيدة للصحة توجد بكثرة الشاي والبصل والفواكه وشملت الدراسة ألفا شخصا أعمارهم عاما وجمع الباحثون معلومات وافية حالاتهم الصحية بمساعدة استبيانات أخضعوهم لعدد الفحوصات الطبية والتحاليل المخبرية وحصل الباحثون العادات الغذائية للمشاركين الدراسة تقييم نسبة الفلافونول المستهلكة الأطعمة المختلفة معظمها نباتية وقبل انطلاق مرحلة المتابعة تم تقسيم المشاركين وفقا للحالة الاجتماعية والديمغرافية ضمنها العمر والحالة الاجتماعية ومستوى التعليم ومستوى الدخل والعادات السيئة ومؤشر كتلة الجسم والتاريخ الطبي وقد اتضح للباحثين تناول كميات كبيرة مركبات الفلافونول مركبات إيسورامنيتين وكايمبفيرول وميريسيتين وكيرسيتين يرتبط بتخفيض خطر الوفاة لأسباب عديدة بينها ألزهايمر والسرطان وأمراض القلب والأوعية الدموية وفي الإطار يبدو الخصائص المفيدة للفلافونول تعود قدرتها تقليل الالتهاب الجسم وحماية الخلايا الإجهاد التأكسدي وتحسين وظيفة البطانة الأنسجة المبطنة للجزء الداخلي الأوعية الدموية,2
قال البروفيسور الألماني توماس يلينيك خطر الإصابة بجلطة الساق يرتفع أثناء السفر بالحافلة الطائرة بسبب الجلوس لمدة طويلة الرحلات تزيد مدتها ساعات يتكدس الدم الساقين يعود القلب يؤدي تجلط الدم الساق وأضاف المدير العلمي لمركز طب السفر بألمانيا جلطة الساق يمكن تنتقل عبر مجرى الدم الرئتين مسببة الإصابة بالانسداد الرئوي يشكل خطرا الحياة وأوضح يلينيك خطر الإصابة بجلطة الساق يرتفع بصفة الأشخاص يعانون قصور القلب تلف بالأوعية الدموية سبقت الإصابة بتجلط الدم مشيرا أنه يهدد الأصحاء والرياضيين وللوقاية جلطة الساق الرحلات الطويلة ينبغي النهوض والمشي وقت آخر شرب السوائل بكثرة الماء والشاي يمكن ارتداء الجوارب الضاغطة إنها تعمل تحسين تدفق الدم الأوردة,2
نظم آلاف الأطباء كوريا الجنوبية مسيرة حاشدة الأحد احتجاجا خطط الحكومة لزيادة عدد الطلاب المقبولين كليات الطب تحد لدعوات رسمية للأطباء المتدربين للعودة العمل تركوا وظائفهم احتجاجا الخطط وذكرت الجمعية الطبية الكورية تمثل ممارسي المهن الصحية القطاع الخاص والمسؤولة تنظيم المسيرة طبيب شاركوا احتجاج اليوم وطالبوا الحكومة بالتراجع الخطوة وقدرت الشرطة عدد المحتجين بنحو ألفا وتأتي المسيرة انتهاء الموعد النهائي حددته الحكومة لعودة الأطباء المتدربين العمل وأعلن آلاف طبيب مقيم ومتدرب المستشفيات الكبرى إجمالي عدد الأطباء البلاد توقفهم العمل أواخر فبرايرشباط الماضي أدى إلغاء العمليات الجراحية وتعطل أقسام الطوارئ وقال المسؤول الجمعية الطبية الكورية جو سو الحكومة إصلاح النظام الطبي القائم أولا زيادة عدد المقبولين بكليات الطب وتريد الحكومة زيادة عدد المقبولين بنحو ألفين ابتداء عام مقارنة آلاف حاليا ليرتفع العدد نهاية المطاف آلاف بحلول عام وقال جو الحكومة حددت الموعد النهائي وبغض النظر الموعد النهائي والضغوط سنواصل المضي قدما وحث رئيس الوزراء هان داك سو الجمعية الطبية الكورية الأحد وقف الاحتجاج وطلب الأطباء المتدربين العودة العمل,2
